
> web-blog@ build D:\Projects\TixXinBlog\.codex\motion-audit\frontend
> nuxt build

T  Building Nuxt for production...
|
•  Nuxt 4.5.2 (with Nitro 2.13.4, Vite 8.2.2 and Vue 3.5.42)
[nuxt:icon] √ Nuxt Icon discovered local-installed 1 collections: lucide
|
•  Nitro preset: node-server
i Nuxt Icon client bundle consist of 177 icons with 52.57KB(uncompressed) in size
i Building client...
i vite v8.2.2 building client environment for production...
transforming...
✓ 1351 modules transformed.
rendering chunks...
computing gzip size...
i .nuxt/dist/client/manifest.json                            185.66 kB │ gzip:  15.43 kB
.nuxt/dist/client/_nuxt/ThemeAccessory.Cd22kliZ.css          0.05 kB │ gzip:   0.07 kB
.nuxt/dist/client/_nuxt/ThemeAccessory.DNhOmbKt.css          0.05 kB │ gzip:   0.07 kB
.nuxt/dist/client/_nuxt/RightSidebar.Cs3kVVQQ.css            0.08 kB │ gzip:   0.10 kB
.nuxt/dist/client/_nuxt/media.B6wVcZCj.css                   0.11 kB │ gzip:   0.11 kB
.nuxt/dist/client/_nuxt/AuthLoginForm.ZU7MNv8x.css           0.16 kB │ gzip:   0.14 kB
.nuxt/dist/client/_nuxt/login.C8kvXFVj.css                   0.19 kB │ gzip:   0.15 kB
.nuxt/dist/client/_nuxt/PageHeader.CtE-1u88.css              0.28 kB │ gzip:   0.17 kB
.nuxt/dist/client/_nuxt/SiteSettingsPreview.CEBWC7Ei.css     0.39 kB │ gzip:   0.22 kB
.nuxt/dist/client/_nuxt/SidebarNav.DfNryi3O.css              0.46 kB │ gzip:   0.26 kB
.nuxt/dist/client/_nuxt/MediaPicker.Dn8Ham8w.css             0.55 kB │ gzip:   0.29 kB
.nuxt/dist/client/_nuxt/DailyQuoteCard.BZJfBAbu.css          0.80 kB │ gzip:   0.38 kB
.nuxt/dist/client/_nuxt/comments.BBarFGbd.css                0.81 kB │ gzip:   0.31 kB
.nuxt/dist/client/_nuxt/DonateCard.DpNkMKJ0.css              0.85 kB │ gzip:   0.38 kB
.nuxt/dist/client/_nuxt/site.BaLV-cVy.css                    0.93 kB │ gzip:   0.38 kB
.nuxt/dist/client/_nuxt/MomentList.BhiML7Dw.css              0.94 kB │ gzip:   0.39 kB
.nuxt/dist/client/_nuxt/SiteAnnouncementCard.C-fM6y_V.css    0.95 kB │ gzip:   0.38 kB
.nuxt/dist/client/_nuxt/ThemeAccessory.B6PwW3VN.css          0.97 kB │ gzip:   0.44 kB
.nuxt/dist/client/_nuxt/maintenance.0n9puslv.css             0.97 kB │ gzip:   0.38 kB
.nuxt/dist/client/_nuxt/audit.50mVosPl.css                   1.06 kB │ gzip:   0.43 kB
.nuxt/dist/client/_nuxt/account.CRpAHElc.css                 1.30 kB │ gzip:   0.45 kB
.nuxt/dist/client/_nuxt/ContextDrawer.DWuSjYdD.css           1.32 kB │ gzip:   0.53 kB
.nuxt/dist/client/_nuxt/taxonomy.CqBkzuog.css                1.39 kB │ gzip:   0.50 kB
.nuxt/dist/client/_nuxt/SearchBox.CDupS_MV.css               1.42 kB │ gzip:   0.56 kB
.nuxt/dist/client/_nuxt/AppearanceEntry.DckiCVsn.css         1.44 kB │ gzip:   0.44 kB
.nuxt/dist/client/_nuxt/admin.9tuBc-2I.css                   1.48 kB │ gzip:   0.49 kB
.nuxt/dist/client/_nuxt/Markdown.DpB0L1qD.css                1.48 kB │ gzip:   0.42 kB
.nuxt/dist/client/_nuxt/Tooltip.BAogCfJO.css                 1.59 kB │ gzip:   0.46 kB
.nuxt/dist/client/_nuxt/MediaWorkspace.CFBL5QnB.css          1.61 kB │ gzip:   0.57 kB
.nuxt/dist/client/_nuxt/flashes.3Mwbx5J6.css                 1.69 kB │ gzip:   0.56 kB
.nuxt/dist/client/_nuxt/_name_.DFxAYEr6.css                  1.82 kB │ gzip:   0.61 kB
.nuxt/dist/client/_nuxt/SidebarFooterCard.BlzDeEyg.css       2.13 kB │ gzip:   0.68 kB
.nuxt/dist/client/_nuxt/admin.B2orniMU.css                   2.27 kB │ gzip:   0.69 kB
.nuxt/dist/client/_nuxt/OwnerProfileCard.D8-zLZ20.css        2.32 kB │ gzip:   0.71 kB
.nuxt/dist/client/_nuxt/_id_.B66_zuZ4.css                    2.32 kB │ gzip:   0.74 kB
.nuxt/dist/client/_nuxt/StatusFooter.DvBJNwNs.css            2.57 kB │ gzip:   0.82 kB
.nuxt/dist/client/_nuxt/posts.D291Sbzw.css                   2.58 kB │ gzip:   0.76 kB
.nuxt/dist/client/_nuxt/useMomentOverview.DryujpNs.css       2.68 kB │ gzip:   0.70 kB
.nuxt/dist/client/_nuxt/RootLayout.DsnrqnIS.css              2.78 kB │ gzip:   0.98 kB
.nuxt/dist/client/_nuxt/_id_.Cu623VLR.css                    2.79 kB │ gzip:   0.81 kB
.nuxt/dist/client/_nuxt/links.CGw412Ex.css                   3.56 kB │ gzip:   0.96 kB
.nuxt/dist/client/_nuxt/moments.ChJ6FVaq.css                 4.04 kB │ gzip:   1.13 kB
.nuxt/dist/client/_nuxt/CustomScrollbar.C4GC_MmG.css         4.11 kB │ gzip:   1.10 kB
.nuxt/dist/client/_nuxt/new.CwKxJu5a.css                     4.19 kB │ gzip:   1.02 kB
.nuxt/dist/client/_nuxt/useMomentFilters.CSH6sYm2.css        4.23 kB │ gzip:   0.98 kB
.nuxt/dist/client/_nuxt/GuestIdentityModal.Dg_n6IV_.css      4.24 kB │ gzip:   1.06 kB
.nuxt/dist/client/_nuxt/projects.DaZdNS8n.css                4.51 kB │ gzip:   1.13 kB
.nuxt/dist/client/_nuxt/archive.CUsZCioD.css                 5.01 kB │ gzip:   1.19 kB
.nuxt/dist/client/_nuxt/gallery.DjCm4VEO.css                 5.03 kB │ gzip:   1.35 kB
.nuxt/dist/client/_nuxt/PostWorkspace.CqGb0OpX.css           5.18 kB │ gzip:   1.12 kB
.nuxt/dist/client/_nuxt/PostCard.CpyMdX4-.css                5.76 kB │ gzip:   1.35 kB
.nuxt/dist/client/_nuxt/about.Bp6APhzU.css                   6.11 kB │ gzip:   1.38 kB
.nuxt/dist/client/_nuxt/default.CZivUWbX.css                 6.37 kB │ gzip:   1.68 kB
.nuxt/dist/client/_nuxt/RootLayout.kRpXDuqC.css              7.61 kB │ gzip:   1.84 kB
.nuxt/dist/client/_nuxt/RootLayout.Dt8lZBp_.css              7.75 kB │ gzip:   1.88 kB
.nuxt/dist/client/_nuxt/pages.DNaSqGC0.css                   9.74 kB │ gzip:   2.07 kB
.nuxt/dist/client/_nuxt/useFlashNotes.DpkfK_Q9.css          11.48 kB │ gzip:   2.51 kB
.nuxt/dist/client/_nuxt/StatusFooter.0Rggym-Z.css           14.52 kB │ gzip:   2.80 kB
.nuxt/dist/client/_nuxt/flash.xSiDGgHZ.css                  17.57 kB │ gzip:   3.16 kB
.nuxt/dist/client/_nuxt/MomentTopicCard.CPI58fpT.css        19.93 kB │ gzip:   3.63 kB
.nuxt/dist/client/_nuxt/guestbook.BSbwSHp5.css              25.13 kB │ gzip:   4.35 kB
.nuxt/dist/client/_nuxt/FlashEditor.cGYf3nyT.css            31.50 kB │ gzip:   7.46 kB
.nuxt/dist/client/_nuxt/_id_.Bx8vC1a3.css                   92.97 kB │ gzip:  11.09 kB
.nuxt/dist/client/_nuxt/tabs.ByxogfFj.css                   95.64 kB │ gzip:  14.29 kB
.nuxt/dist/client/_nuxt/entry.ClI5dZD7.css                 109.69 kB │ gzip:  21.56 kB
.nuxt/dist/client/_nuxt/CNs_Ozdc.js                          0.02 kB │ gzip:   0.04 kB
.nuxt/dist/client/_nuxt/DwsIDEio.js                          0.07 kB │ gzip:   0.09 kB
.nuxt/dist/client/_nuxt/BDNMzG2s.js                          0.08 kB │ gzip:   0.09 kB
.nuxt/dist/client/_nuxt/DpYuJR3y.js                          0.08 kB │ gzip:   0.09 kB
.nuxt/dist/client/_nuxt/Bu49EcnS.js                          0.10 kB │ gzip:   0.11 kB
.nuxt/dist/client/_nuxt/nkGUZk4H.js                          0.11 kB │ gzip:   0.11 kB
.nuxt/dist/client/_nuxt/PK-nNCIp.js                          0.15 kB │ gzip:   0.14 kB
.nuxt/dist/client/_nuxt/Co2rEtjS.js                          0.17 kB │ gzip:   0.15 kB
.nuxt/dist/client/_nuxt/Cgx38a6r.js                          0.21 kB │ gzip:   0.17 kB
.nuxt/dist/client/_nuxt/B7YrHEK3.js                          0.21 kB │ gzip:   0.17 kB
.nuxt/dist/client/_nuxt/quC2VhwT.js                          0.25 kB │ gzip:   0.24 kB
.nuxt/dist/client/_nuxt/B5OIMptq.js                          0.28 kB │ gzip:   0.21 kB
.nuxt/dist/client/_nuxt/VlzcxWoO.js                          0.28 kB │ gzip:   0.23 kB
.nuxt/dist/client/_nuxt/BhQkizxw.js                          0.28 kB │ gzip:   0.23 kB
.nuxt/dist/client/_nuxt/Dqijeao_.js                          0.28 kB │ gzip:   0.23 kB
.nuxt/dist/client/_nuxt/CU_CsVd2.js                          0.30 kB │ gzip:   0.25 kB
.nuxt/dist/client/_nuxt/DwlKx8vS.js                          0.30 kB │ gzip:   0.25 kB
.nuxt/dist/client/_nuxt/Bh4A0vxW.js                          0.31 kB │ gzip:   0.26 kB
.nuxt/dist/client/_nuxt/BdvwJuS1.js                          0.32 kB │ gzip:   0.21 kB
.nuxt/dist/client/_nuxt/DIRY3kOs.js                          0.37 kB │ gzip:   0.27 kB
.nuxt/dist/client/_nuxt/qa8GKFUY.js                          0.39 kB │ gzip:   0.30 kB
.nuxt/dist/client/_nuxt/CXkVmbQH.js                          0.45 kB │ gzip:   0.31 kB
.nuxt/dist/client/_nuxt/CAQoCVUf.js                          0.49 kB │ gzip:   0.32 kB
.nuxt/dist/client/_nuxt/CczFtXoC.js                          0.51 kB │ gzip:   0.35 kB
.nuxt/dist/client/_nuxt/BHf724P9.js                          0.51 kB │ gzip:   0.33 kB
.nuxt/dist/client/_nuxt/C8r90Shi.js                          0.54 kB │ gzip:   0.31 kB
.nuxt/dist/client/_nuxt/CoqVnvIh.js                          0.56 kB │ gzip:   0.38 kB
.nuxt/dist/client/_nuxt/DGDlgYPX.js                          0.56 kB │ gzip:   0.37 kB
.nuxt/dist/client/_nuxt/BQfCfR-4.js                          0.57 kB │ gzip:   0.34 kB
.nuxt/dist/client/_nuxt/DAcC_Qu-.js                          0.62 kB │ gzip:   0.42 kB
.nuxt/dist/client/_nuxt/DK0P-DoO.js                          0.63 kB │ gzip:   0.38 kB
.nuxt/dist/client/_nuxt/Bshx59ww.js                          0.65 kB │ gzip:   0.48 kB
.nuxt/dist/client/_nuxt/DxRgknEy.js                          0.70 kB │ gzip:   0.42 kB
.nuxt/dist/client/_nuxt/BCEZaq0C.js                          0.71 kB │ gzip:   0.43 kB
.nuxt/dist/client/_nuxt/sltzmVWM.js                          0.73 kB │ gzip:   0.33 kB
.nuxt/dist/client/_nuxt/Bk_GjVUU.js                          0.78 kB │ gzip:   0.51 kB
.nuxt/dist/client/_nuxt/XmUQVzqo.js                          0.79 kB │ gzip:   0.43 kB
.nuxt/dist/client/_nuxt/DFJGsToI.js                          0.83 kB │ gzip:   0.45 kB
.nuxt/dist/client/_nuxt/DhuBmrh_.js                          0.94 kB │ gzip:   0.55 kB
.nuxt/dist/client/_nuxt/uRfwYP_-.js                          0.97 kB │ gzip:   0.43 kB
.nuxt/dist/client/_nuxt/DCQb3MpD.js                          0.99 kB │ gzip:   0.44 kB
.nuxt/dist/client/_nuxt/CLEazTz1.js                          1.00 kB │ gzip:   0.60 kB
.nuxt/dist/client/_nuxt/oSoeL3M6.js                          1.02 kB │ gzip:   0.56 kB
.nuxt/dist/client/_nuxt/DRDXWsgj.js                          1.02 kB │ gzip:   0.70 kB
.nuxt/dist/client/_nuxt/Dx-8-gkx.js                          1.13 kB │ gzip:   0.36 kB
.nuxt/dist/client/_nuxt/HclGiUj8.js                          1.21 kB │ gzip:   0.67 kB
.nuxt/dist/client/_nuxt/DDqZBno9.js                          1.22 kB │ gzip:   0.52 kB
.nuxt/dist/client/_nuxt/D6WJTKkJ.js                          1.28 kB │ gzip:   0.87 kB
.nuxt/dist/client/_nuxt/DXplT9If.js                          1.35 kB │ gzip:   0.49 kB
.nuxt/dist/client/_nuxt/4U5Orros.js                          1.41 kB │ gzip:   0.72 kB
.nuxt/dist/client/_nuxt/_5a1GRtc.js                          1.41 kB │ gzip:   0.52 kB
.nuxt/dist/client/_nuxt/DaN-bcto.js                          1.42 kB │ gzip:   0.80 kB
.nuxt/dist/client/_nuxt/CVL4jJ2b.js                          1.46 kB │ gzip:   0.72 kB
.nuxt/dist/client/_nuxt/B5B4dYe2.js                          1.47 kB │ gzip:   0.80 kB
.nuxt/dist/client/_nuxt/Dipp1TZJ.js                          1.47 kB │ gzip:   0.76 kB
.nuxt/dist/client/_nuxt/B5eOa1yu.js                          1.51 kB │ gzip:   0.49 kB
.nuxt/dist/client/_nuxt/RogsiKpo.js                          1.57 kB │ gzip:   0.86 kB
.nuxt/dist/client/_nuxt/BDUgJCAm.js                          1.58 kB │ gzip:   0.88 kB
.nuxt/dist/client/_nuxt/R4sQ-3Hc.js                          1.64 kB │ gzip:   0.68 kB
.nuxt/dist/client/_nuxt/CVhlB_eE.js                          1.69 kB │ gzip:   0.85 kB
.nuxt/dist/client/_nuxt/IyjqRm3v.js                          1.73 kB │ gzip:   0.59 kB
.nuxt/dist/client/_nuxt/CN6Fdl45.js                          1.80 kB │ gzip:   0.92 kB
.nuxt/dist/client/_nuxt/Dlh5hvp9.js                          1.82 kB │ gzip:   0.75 kB
.nuxt/dist/client/_nuxt/wvJwzXq4.js                          1.85 kB │ gzip:   0.78 kB
.nuxt/dist/client/_nuxt/C2YUXIr4.js                          1.88 kB │ gzip:   0.99 kB
.nuxt/dist/client/_nuxt/Bczc5xTa.js                          1.88 kB │ gzip:   0.89 kB
.nuxt/dist/client/_nuxt/BmvVLfuM.js                          1.89 kB │ gzip:   1.04 kB
.nuxt/dist/client/_nuxt/EfjXz25M.js                          1.91 kB │ gzip:   1.19 kB
.nuxt/dist/client/_nuxt/C3sKsUlP.js                          2.05 kB │ gzip:   1.04 kB
.nuxt/dist/client/_nuxt/f_cpTGL_.js                          2.06 kB │ gzip:   0.94 kB
.nuxt/dist/client/_nuxt/BqUtmzWj.js                          2.07 kB │ gzip:   1.12 kB
.nuxt/dist/client/_nuxt/BATBiKVD.js                          2.12 kB │ gzip:   0.61 kB
.nuxt/dist/client/_nuxt/C8pVoKbM.js                          2.15 kB │ gzip:   1.08 kB
.nuxt/dist/client/_nuxt/DXw9l8Rf.js                          2.23 kB │ gzip:   0.61 kB
.nuxt/dist/client/_nuxt/Bc4qzhoI.js                          2.26 kB │ gzip:   1.16 kB
.nuxt/dist/client/_nuxt/BXJOXXgW.js                          2.27 kB │ gzip:   0.66 kB
.nuxt/dist/client/_nuxt/CRGYupPL.js                          2.33 kB │ gzip:   0.69 kB
.nuxt/dist/client/_nuxt/CBvFI5Rw.js                          2.35 kB │ gzip:   1.16 kB
.nuxt/dist/client/_nuxt/C2MxRFvg.js                          2.54 kB │ gzip:   1.20 kB
.nuxt/dist/client/_nuxt/woXpYk--.js                          2.56 kB │ gzip:   0.68 kB
.nuxt/dist/client/_nuxt/CSRkHgEL.js                          2.57 kB │ gzip:   0.81 kB
.nuxt/dist/client/_nuxt/CZbG8q4J.js                          2.64 kB │ gzip:   1.17 kB
.nuxt/dist/client/_nuxt/DpjpTPYG.js                          2.80 kB │ gzip:   1.14 kB
.nuxt/dist/client/_nuxt/BUDT5pXO.js                          2.81 kB │ gzip:   1.00 kB
.nuxt/dist/client/_nuxt/BNLmms1o.js                          2.84 kB │ gzip:   0.89 kB
.nuxt/dist/client/_nuxt/z4RUbL8R.js                          2.87 kB │ gzip:   0.81 kB
.nuxt/dist/client/_nuxt/CA96_NUW.js                          2.92 kB │ gzip:   0.79 kB
.nuxt/dist/client/_nuxt/DKpUyyne.js                          2.99 kB │ gzip:   0.80 kB
.nuxt/dist/client/_nuxt/CmCQp5Yx.js                          3.00 kB │ gzip:   0.78 kB
.nuxt/dist/client/_nuxt/B65lRFW5.js                          3.04 kB │ gzip:   1.39 kB
.nuxt/dist/client/_nuxt/CYpm1nAK.js                          3.10 kB │ gzip:   0.78 kB
.nuxt/dist/client/_nuxt/Cluzi2Zq.js                          3.12 kB │ gzip:   1.46 kB
.nuxt/dist/client/_nuxt/BiJDBrnU.js                          3.23 kB │ gzip:   0.90 kB
.nuxt/dist/client/_nuxt/BR5RXkoi.js                          3.24 kB │ gzip:   0.82 kB
.nuxt/dist/client/_nuxt/BMqwQI7S.js                          3.25 kB │ gzip:   1.17 kB
.nuxt/dist/client/_nuxt/DMoTqEGO.js                          3.28 kB │ gzip:   0.84 kB
.nuxt/dist/client/_nuxt/C0ySjAp4.js                          3.28 kB │ gzip:   1.69 kB
.nuxt/dist/client/_nuxt/C0MpOrj4.js                          3.30 kB │ gzip:   0.72 kB
.nuxt/dist/client/_nuxt/CV2tkWYe.js                          3.34 kB │ gzip:   1.20 kB
.nuxt/dist/client/_nuxt/BtDbiS_P.js                          3.36 kB │ gzip:   1.10 kB
.nuxt/dist/client/_nuxt/zf12oZj6.js                          3.36 kB │ gzip:   1.18 kB
.nuxt/dist/client/_nuxt/BC2Px7Mm.js                          3.42 kB │ gzip:   1.51 kB
.nuxt/dist/client/_nuxt/CIP-m60T.js                          3.49 kB │ gzip:   1.08 kB
.nuxt/dist/client/_nuxt/C03EYrpw.js                          3.60 kB │ gzip:   0.89 kB
.nuxt/dist/client/_nuxt/BgfXC-Er.js                          3.61 kB │ gzip:   1.59 kB
.nuxt/dist/client/_nuxt/CJTPZ8u_.js                          3.61 kB │ gzip:   1.03 kB
.nuxt/dist/client/_nuxt/CsD5j6eV.js                          3.62 kB │ gzip:   1.03 kB
.nuxt/dist/client/_nuxt/_X_XdTYD.js                          3.66 kB │ gzip:   1.09 kB
.nuxt/dist/client/_nuxt/wM81NB9P.js                          3.68 kB │ gzip:   1.44 kB
.nuxt/dist/client/_nuxt/ByJddavk.js                          3.69 kB │ gzip:   0.96 kB
.nuxt/dist/client/_nuxt/Zu7Whdm8.js                          3.75 kB │ gzip:   1.68 kB
.nuxt/dist/client/_nuxt/CfyxbdpN.js                          3.81 kB │ gzip:   2.02 kB
.nuxt/dist/client/_nuxt/DojJ_YvB.js                          3.84 kB │ gzip:   1.93 kB
.nuxt/dist/client/_nuxt/BnlCZFoB.js                          3.90 kB │ gzip:   1.28 kB
.nuxt/dist/client/_nuxt/VUp2lXgN.js                          3.90 kB │ gzip:   0.97 kB
.nuxt/dist/client/_nuxt/ilITqXS6.js                          3.99 kB │ gzip:   1.47 kB
.nuxt/dist/client/_nuxt/4ZHwLPI5.js                          4.14 kB │ gzip:   1.67 kB
.nuxt/dist/client/_nuxt/C2X_h-9W.js                          4.38 kB │ gzip:   1.04 kB
.nuxt/dist/client/_nuxt/CZd0xW_V.js                          4.42 kB │ gzip:   1.50 kB
.nuxt/dist/client/_nuxt/C5JeTiTv.js                          4.49 kB │ gzip:   1.15 kB
.nuxt/dist/client/_nuxt/CAekHB0j.js                          4.51 kB │ gzip:   1.05 kB
.nuxt/dist/client/_nuxt/VTgxZxaZ.js                          4.55 kB │ gzip:   2.03 kB
.nuxt/dist/client/_nuxt/BtLoipoN.js                          4.63 kB │ gzip:   2.13 kB
.nuxt/dist/client/_nuxt/C7UOKdEL.js                          4.66 kB │ gzip:   1.12 kB
.nuxt/dist/client/_nuxt/bTVj8UrX.js                          4.69 kB │ gzip:   2.00 kB
.nuxt/dist/client/_nuxt/DQxkIbk2.js                          4.76 kB │ gzip:   1.53 kB
.nuxt/dist/client/_nuxt/Ci_nEsc7.js                          4.78 kB │ gzip:   0.83 kB
.nuxt/dist/client/_nuxt/Bc3C0UhD.js                          4.89 kB │ gzip:   2.07 kB
.nuxt/dist/client/_nuxt/CnOe9WZ0.js                          4.91 kB │ gzip:   2.10 kB
.nuxt/dist/client/_nuxt/DqHOMS-s.js                          5.03 kB │ gzip:   2.01 kB
.nuxt/dist/client/_nuxt/BTnJQT4Q.js                          5.09 kB │ gzip:   2.27 kB
.nuxt/dist/client/_nuxt/DFRT7tW5.js                          5.13 kB │ gzip:   2.11 kB
.nuxt/dist/client/_nuxt/BsKzXJz4.js                          5.13 kB │ gzip:   1.38 kB
.nuxt/dist/client/_nuxt/BCNUyKfg.js                          5.26 kB │ gzip:   1.32 kB
.nuxt/dist/client/_nuxt/CTI1M_6M.js                          5.32 kB │ gzip:   1.38 kB
.nuxt/dist/client/_nuxt/CMLA9XwU.js                          5.33 kB │ gzip:   1.55 kB
.nuxt/dist/client/_nuxt/BkyTk9wS.js                          5.35 kB │ gzip:   2.21 kB
.nuxt/dist/client/_nuxt/CUHmPFLl.js                          5.37 kB │ gzip:   1.14 kB
.nuxt/dist/client/_nuxt/Cc4JzLwH.js                          5.42 kB │ gzip:   1.23 kB
.nuxt/dist/client/_nuxt/BWXHIvNe.js                          5.45 kB │ gzip:   1.37 kB
.nuxt/dist/client/_nuxt/viQJgCop.js                          5.62 kB │ gzip:   1.36 kB
.nuxt/dist/client/_nuxt/CewbzKMR.js                          5.77 kB │ gzip:   1.91 kB
.nuxt/dist/client/_nuxt/DNMTfnFr.js                          5.89 kB │ gzip:   1.51 kB
.nuxt/dist/client/_nuxt/4Rifxk1h.js                          5.91 kB │ gzip:   2.08 kB
.nuxt/dist/client/_nuxt/ClKdZ_lG.js                          5.94 kB │ gzip:   1.71 kB
.nuxt/dist/client/_nuxt/DuBRPxYg.js                          6.03 kB │ gzip:   1.95 kB
.nuxt/dist/client/_nuxt/DOwzaHZ0.js                          6.06 kB │ gzip:   2.32 kB
.nuxt/dist/client/_nuxt/CwIw2Uux.js                          6.28 kB │ gzip:   2.95 kB
.nuxt/dist/client/_nuxt/BSWPekZh.js                          6.28 kB │ gzip:   1.70 kB
.nuxt/dist/client/_nuxt/CBce3t8t.js                          6.31 kB │ gzip:   1.72 kB
.nuxt/dist/client/_nuxt/4CJ0cIlV.js                          6.35 kB │ gzip:   1.80 kB
.nuxt/dist/client/_nuxt/B2gwz-sJ.js                          6.40 kB │ gzip:   1.92 kB
.nuxt/dist/client/_nuxt/DqKBuwfJ.js                          6.40 kB │ gzip:   1.41 kB
.nuxt/dist/client/_nuxt/BXeXVLqQ.js                          6.41 kB │ gzip:   1.90 kB
.nuxt/dist/client/_nuxt/DX1BQOs8.js                          6.41 kB │ gzip:   1.63 kB
.nuxt/dist/client/_nuxt/CcmNWLt0.js                          6.41 kB │ gzip:   1.28 kB
.nuxt/dist/client/_nuxt/BG1uWrLx.js                          6.50 kB │ gzip:   2.71 kB
.nuxt/dist/client/_nuxt/DB4EqR-F.js                          6.54 kB │ gzip:   1.41 kB
.nuxt/dist/client/_nuxt/BL8nOS1Z.js                          6.60 kB │ gzip:   2.77 kB
.nuxt/dist/client/_nuxt/Dp70Uwh_.js                          6.62 kB │ gzip:   1.85 kB
.nuxt/dist/client/_nuxt/C1IUL_tW.js                          6.62 kB │ gzip:   1.74 kB
.nuxt/dist/client/_nuxt/CohzipZa.js                          6.75 kB │ gzip:   1.48 kB
.nuxt/dist/client/_nuxt/BLD2LNVZ.js                          6.78 kB │ gzip:   1.88 kB
.nuxt/dist/client/_nuxt/Ckw8ddFX.js                          6.90 kB │ gzip:   1.97 kB
.nuxt/dist/client/_nuxt/VmZQiwEX.js                          6.91 kB │ gzip:   1.62 kB
.nuxt/dist/client/_nuxt/DDpmG2fV.js                          6.96 kB │ gzip:   1.88 kB
.nuxt/dist/client/_nuxt/UdsmMDCL.js                          6.99 kB │ gzip:   1.81 kB
.nuxt/dist/client/_nuxt/BDNMnSEL.js                          7.00 kB │ gzip:   2.61 kB
.nuxt/dist/client/_nuxt/CGpUhp6x.js                          7.09 kB │ gzip:   2.86 kB
.nuxt/dist/client/_nuxt/DQCgrYNe.js                          7.16 kB │ gzip:   2.04 kB
.nuxt/dist/client/_nuxt/DJfG075R.js                          7.17 kB │ gzip:   3.22 kB
.nuxt/dist/client/_nuxt/Cvrh5tZx.js                          7.25 kB │ gzip:   2.18 kB
.nuxt/dist/client/_nuxt/CInfLdha.js                          7.29 kB │ gzip:   2.90 kB
.nuxt/dist/client/_nuxt/Fe1Jh2GI.js                          7.46 kB │ gzip:   2.57 kB
.nuxt/dist/client/_nuxt/h-AzX8zR.js                          7.56 kB │ gzip:   3.06 kB
.nuxt/dist/client/_nuxt/DMgNhnYS.js                          7.73 kB │ gzip:   1.48 kB
.nuxt/dist/client/_nuxt/B5Oeuqbo.js                          7.81 kB │ gzip:   3.42 kB
.nuxt/dist/client/_nuxt/BxMlprV5.js                          7.86 kB │ gzip:   2.54 kB
.nuxt/dist/client/_nuxt/ibF7Q-Vw.js                          8.02 kB │ gzip:   3.23 kB
.nuxt/dist/client/_nuxt/B_bV9PQ9.js                          8.02 kB │ gzip:   1.93 kB
.nuxt/dist/client/_nuxt/2Zx11MvS.js                          8.03 kB │ gzip:   1.45 kB
.nuxt/dist/client/_nuxt/DN9K90xI.js                          8.10 kB │ gzip:   3.34 kB
.nuxt/dist/client/_nuxt/BW2xXEnH.js                          8.13 kB │ gzip:   3.42 kB
.nuxt/dist/client/_nuxt/B2J_DDKh.js                          8.22 kB │ gzip:   3.57 kB
.nuxt/dist/client/_nuxt/oqrMcITF.js                          8.30 kB │ gzip:   1.84 kB
.nuxt/dist/client/_nuxt/FhvVq3jf.js                          8.39 kB │ gzip:   2.99 kB
.nuxt/dist/client/_nuxt/DKvVQkZ_.js                          8.46 kB │ gzip:   1.67 kB
.nuxt/dist/client/_nuxt/DGHpHOYJ.js                          8.50 kB │ gzip:   2.99 kB
.nuxt/dist/client/_nuxt/BAnwGk8J.js                          8.61 kB │ gzip:   3.44 kB
.nuxt/dist/client/_nuxt/CnvKMtbv.js                          8.61 kB │ gzip:   1.99 kB
.nuxt/dist/client/_nuxt/Db7WspS5.js                          8.64 kB │ gzip:   3.98 kB
.nuxt/dist/client/_nuxt/CE9ld1lL.js                          8.77 kB │ gzip:   1.94 kB
.nuxt/dist/client/_nuxt/DhhofPvG.js                          8.77 kB │ gzip:   2.12 kB
.nuxt/dist/client/_nuxt/DSNQnXHK.js                          8.78 kB │ gzip:   1.96 kB
.nuxt/dist/client/_nuxt/DnjsghYY.js                          8.79 kB │ gzip:   3.68 kB
.nuxt/dist/client/_nuxt/Dixweg8N.js                          8.95 kB │ gzip:   1.76 kB
.nuxt/dist/client/_nuxt/vGVdxbeo.js                          9.01 kB │ gzip:   2.35 kB
.nuxt/dist/client/_nuxt/DEVyl-f8.js                          9.02 kB │ gzip:   3.98 kB
.nuxt/dist/client/_nuxt/CylkbWk_.js                          9.06 kB │ gzip:   3.81 kB
.nuxt/dist/client/_nuxt/Cs2F2srj.js                          9.09 kB │ gzip:   2.10 kB
.nuxt/dist/client/_nuxt/DnToyrRv.js                          9.11 kB │ gzip:   1.96 kB
.nuxt/dist/client/_nuxt/Dgaz7aur.js                          9.12 kB │ gzip:   1.51 kB
.nuxt/dist/client/_nuxt/DXrisJhu.js                          9.28 kB │ gzip:   2.48 kB
.nuxt/dist/client/_nuxt/DQwYfKfQ.js                          9.29 kB │ gzip:   1.96 kB
.nuxt/dist/client/_nuxt/B2OO5cIa.js                          9.42 kB │ gzip:   2.08 kB
.nuxt/dist/client/_nuxt/BvrbL_FF.js                          9.43 kB │ gzip:   3.85 kB
.nuxt/dist/client/_nuxt/ZJRuk1Qh.js                          9.68 kB │ gzip:   1.86 kB
.nuxt/dist/client/_nuxt/DrdQorcO.js                          9.71 kB │ gzip:   3.09 kB
.nuxt/dist/client/_nuxt/Bj61d0ZC.js                          9.84 kB │ gzip:   3.37 kB
.nuxt/dist/client/_nuxt/DVQuIRkW.js                          9.93 kB │ gzip:   2.27 kB
.nuxt/dist/client/_nuxt/Dh228itO.js                         10.04 kB │ gzip:   1.93 kB
.nuxt/dist/client/_nuxt/i_e4CCwS.js                         10.15 kB │ gzip:   3.99 kB
.nuxt/dist/client/_nuxt/DzWz4YTQ.js                         10.24 kB │ gzip:   2.21 kB
.nuxt/dist/client/_nuxt/ot-7Btpt.js                         10.36 kB │ gzip:   1.37 kB
.nuxt/dist/client/_nuxt/D-usSTwE.js                         10.36 kB │ gzip:   1.43 kB
.nuxt/dist/client/_nuxt/DJMQeKeT.js                         10.43 kB │ gzip:   2.13 kB
.nuxt/dist/client/_nuxt/DW3nJb8Q.js                         10.46 kB │ gzip:   2.25 kB
.nuxt/dist/client/_nuxt/B3gFvitq.js                         10.46 kB │ gzip:   2.94 kB
.nuxt/dist/client/_nuxt/zuT3iF1-.js                         10.55 kB │ gzip:   2.30 kB
.nuxt/dist/client/_nuxt/CaajXQSP.js                         10.78 kB │ gzip:   2.59 kB
.nuxt/dist/client/_nuxt/Dv_Jb2vo.js                         10.94 kB │ gzip:   2.09 kB
.nuxt/dist/client/_nuxt/Bt6bi-4N.js                         11.13 kB │ gzip:   3.96 kB
.nuxt/dist/client/_nuxt/EUqPIrTm.js                         11.18 kB │ gzip:   2.49 kB
.nuxt/dist/client/_nuxt/iXnhIJG7.js                         11.34 kB │ gzip:   3.84 kB
.nuxt/dist/client/_nuxt/DswuEJGm.js                         11.38 kB │ gzip:   2.51 kB
.nuxt/dist/client/_nuxt/C-LZuMrd.js                         11.40 kB │ gzip:   2.53 kB
.nuxt/dist/client/_nuxt/CDv2pdJW.js                         11.43 kB │ gzip:   2.10 kB
.nuxt/dist/client/_nuxt/C_8bwKvT.js                         11.49 kB │ gzip:   2.57 kB
.nuxt/dist/client/_nuxt/DExj1W_8.js                         11.93 kB │ gzip:   5.04 kB
.nuxt/dist/client/_nuxt/ByWQv1Qj.js                         12.00 kB │ gzip:   2.17 kB
.nuxt/dist/client/_nuxt/CxZEssPk.js                         12.04 kB │ gzip:   1.64 kB
.nuxt/dist/client/_nuxt/DQFoQ7C_.js                         12.05 kB │ gzip:   3.29 kB
.nuxt/dist/client/_nuxt/D5A0Cprt.js                         12.13 kB │ gzip:   2.36 kB
.nuxt/dist/client/_nuxt/U0d_L8uA.js                         12.44 kB │ gzip:   3.71 kB
.nuxt/dist/client/_nuxt/DdrHHSXu.js                         12.73 kB │ gzip:   1.99 kB
.nuxt/dist/client/_nuxt/qdxAdBWQ.js                         12.88 kB │ gzip:   3.23 kB
.nuxt/dist/client/_nuxt/rDcj0-WY.js                         12.97 kB │ gzip:   5.42 kB
.nuxt/dist/client/_nuxt/BJitypiv.js                         13.03 kB │ gzip:   1.73 kB
.nuxt/dist/client/_nuxt/CjNLYCLg.js                         13.11 kB │ gzip:   4.06 kB
.nuxt/dist/client/_nuxt/BIxBL8pV.js                         13.14 kB │ gzip:   5.59 kB
.nuxt/dist/client/_nuxt/DBj4K9d_.js                         13.32 kB │ gzip:   2.75 kB
.nuxt/dist/client/_nuxt/VbXTXTou.js                         13.61 kB │ gzip:   3.03 kB
.nuxt/dist/client/_nuxt/CDeNXAV0.js                         13.65 kB │ gzip:   2.28 kB
.nuxt/dist/client/_nuxt/fwtXNY1n.js                         13.67 kB │ gzip:   3.05 kB
.nuxt/dist/client/_nuxt/BZCL-v6S.js                         13.75 kB │ gzip:   3.06 kB
.nuxt/dist/client/_nuxt/6fa_YvRs.js                         13.82 kB │ gzip:   2.57 kB
.nuxt/dist/client/_nuxt/nFMaYfgc.js                         14.03 kB │ gzip:   2.85 kB
.nuxt/dist/client/_nuxt/4I0bRiET.js                         14.06 kB │ gzip:   5.15 kB
.nuxt/dist/client/_nuxt/BHpQb5nM.js                         14.11 kB │ gzip:   2.14 kB
.nuxt/dist/client/_nuxt/BXViO-2h.js                         14.15 kB │ gzip:   3.02 kB
.nuxt/dist/client/_nuxt/B68TUdTA.js                         14.27 kB │ gzip:   3.00 kB
.nuxt/dist/client/_nuxt/CtfBBspg.js                         14.35 kB │ gzip:   2.50 kB
.nuxt/dist/client/_nuxt/Bx1FflLF.js                         14.43 kB │ gzip:   3.11 kB
.nuxt/dist/client/_nuxt/DXG-b-1a.js                         14.43 kB │ gzip:   3.12 kB
.nuxt/dist/client/_nuxt/B_tTalzw.js                         14.59 kB │ gzip:   3.07 kB
.nuxt/dist/client/_nuxt/7GGW24-e.js                         14.77 kB │ gzip:   3.27 kB
.nuxt/dist/client/_nuxt/Cfkwpbl8.js                         15.06 kB │ gzip:   2.71 kB
.nuxt/dist/client/_nuxt/CZxLIbnd.js                         15.08 kB │ gzip:   6.16 kB
.nuxt/dist/client/_nuxt/C7mF5XQf.js                         15.16 kB │ gzip:   3.92 kB
.nuxt/dist/client/_nuxt/IvuFDN5E.js                         15.50 kB │ gzip:   2.47 kB
.nuxt/dist/client/_nuxt/Cs6JJXT5.js                         15.53 kB │ gzip:   2.70 kB
.nuxt/dist/client/_nuxt/B6RhFR-w.js                         15.58 kB │ gzip:   3.18 kB
.nuxt/dist/client/_nuxt/CLvhMVsD.js                         15.84 kB │ gzip:   5.93 kB
.nuxt/dist/client/_nuxt/CO1x3A50.js                         16.04 kB │ gzip:   5.71 kB
.nuxt/dist/client/_nuxt/D7qyCx1q.js                         16.07 kB │ gzip:   3.06 kB
.nuxt/dist/client/_nuxt/C2pBCSgt.js                         16.13 kB │ gzip:   3.54 kB
.nuxt/dist/client/_nuxt/CE9AQfxI.js                         16.19 kB │ gzip:   2.04 kB
.nuxt/dist/client/_nuxt/ZsgXoEtg.js                         16.25 kB │ gzip:   2.76 kB
.nuxt/dist/client/_nuxt/Bj7E1mRn.js                         16.40 kB │ gzip:   3.14 kB
.nuxt/dist/client/_nuxt/CxHRBGiD.js                         16.50 kB │ gzip:   2.03 kB
.nuxt/dist/client/_nuxt/B1RWQWA5.js                         16.50 kB │ gzip:   2.92 kB
.nuxt/dist/client/_nuxt/wQBKB1D-.js                         16.58 kB │ gzip:   6.50 kB
.nuxt/dist/client/_nuxt/BML5mF2J.js                         17.11 kB │ gzip:   2.90 kB
.nuxt/dist/client/_nuxt/BmuOG9ZW.js                         17.11 kB │ gzip:   2.91 kB
.nuxt/dist/client/_nuxt/Bozd7klA.js                         17.12 kB │ gzip:   2.92 kB
.nuxt/dist/client/_nuxt/BtN6REYq.js                         17.37 kB │ gzip:   6.62 kB
.nuxt/dist/client/_nuxt/BYnGhZoM.js                         17.65 kB │ gzip:   3.06 kB
.nuxt/dist/client/_nuxt/BHC9tyHP.js                         18.04 kB │ gzip:   2.51 kB
.nuxt/dist/client/_nuxt/i8J1I5Xk.js                         18.07 kB │ gzip:   3.13 kB
.nuxt/dist/client/_nuxt/CaAXrRyo.js                         18.21 kB │ gzip:   3.12 kB
.nuxt/dist/client/_nuxt/Bm3Qr25_.js                         18.61 kB │ gzip:   3.10 kB
.nuxt/dist/client/_nuxt/2IIEA8gg.js                         18.62 kB │ gzip:   3.10 kB
.nuxt/dist/client/_nuxt/CHQ94UKr.js                         18.62 kB │ gzip:   3.12 kB
.nuxt/dist/client/_nuxt/uhdI0v04.js                         18.63 kB │ gzip:   3.10 kB
.nuxt/dist/client/_nuxt/B5W6OYN7.js                         18.63 kB │ gzip:   3.11 kB
.nuxt/dist/client/_nuxt/DYvRD3hg.js                         19.08 kB │ gzip:   3.76 kB
.nuxt/dist/client/_nuxt/CacY0gHj.js                         19.17 kB │ gzip:   3.59 kB
.nuxt/dist/client/_nuxt/BPhettmY.js                         20.05 kB │ gzip:   2.91 kB
.nuxt/dist/client/_nuxt/DilCeChk.js                         20.05 kB │ gzip:   2.92 kB
.nuxt/dist/client/_nuxt/CUs93LaD.js                         20.05 kB │ gzip:   6.79 kB
.nuxt/dist/client/_nuxt/DluEY0Gj.js                         20.07 kB │ gzip:   3.93 kB
.nuxt/dist/client/_nuxt/Bqwy1Gya.js                         20.08 kB │ gzip:   3.91 kB
.nuxt/dist/client/_nuxt/C3h-C4tm.js                         20.14 kB │ gzip:   3.89 kB
.nuxt/dist/client/_nuxt/CCSX75yM.js                         20.15 kB │ gzip:   4.05 kB
.nuxt/dist/client/_nuxt/DvXPmvsu.js                         20.35 kB │ gzip:   6.73 kB
.nuxt/dist/client/_nuxt/4G7pJPwS.js                         20.77 kB │ gzip:   3.80 kB
.nuxt/dist/client/_nuxt/DHYfO66s.js                         20.87 kB │ gzip:   5.36 kB
.nuxt/dist/client/_nuxt/DQUGi149.js                         21.02 kB │ gzip:   8.63 kB
.nuxt/dist/client/_nuxt/BHWKrbxM.js                         21.06 kB │ gzip:   3.99 kB
.nuxt/dist/client/_nuxt/5eyTD99u.js                         21.07 kB │ gzip:   4.02 kB
.nuxt/dist/client/_nuxt/DdvCle-K.js                         21.46 kB │ gzip:   2.87 kB
.nuxt/dist/client/_nuxt/rpLgql-q.js                         21.47 kB │ gzip:   3.74 kB
.nuxt/dist/client/_nuxt/aMsaMD1D.js                         21.73 kB │ gzip:   3.88 kB
.nuxt/dist/client/_nuxt/DO-qXg-I.js                         21.74 kB │ gzip:   3.89 kB
.nuxt/dist/client/_nuxt/8PwUyIlP.js                         21.74 kB │ gzip:   3.89 kB
.nuxt/dist/client/_nuxt/D-RPCyHv.js                         22.41 kB │ gzip:   3.13 kB
.nuxt/dist/client/_nuxt/Cv5bFMCO.js                         22.57 kB │ gzip:   6.07 kB
.nuxt/dist/client/_nuxt/C820rvS2.js                         22.63 kB │ gzip:   4.15 kB
.nuxt/dist/client/_nuxt/MrdJrrXF.js                         22.63 kB │ gzip:   4.15 kB
.nuxt/dist/client/_nuxt/BC_s9l72.js                         22.63 kB │ gzip:   4.16 kB
.nuxt/dist/client/_nuxt/BSMLrYjP.js                         22.63 kB │ gzip:   4.16 kB
.nuxt/dist/client/_nuxt/BPjhmG05.js                         22.63 kB │ gzip:   4.15 kB
.nuxt/dist/client/_nuxt/BAWPOn9u.js                         22.63 kB │ gzip:   4.16 kB
.nuxt/dist/client/_nuxt/V5dAlub_.js                         23.47 kB │ gzip:   7.49 kB
.nuxt/dist/client/_nuxt/CQ2zXKGN.js                         23.66 kB │ gzip:   3.65 kB
.nuxt/dist/client/_nuxt/BQ6sVKHN.js                         23.98 kB │ gzip:   7.58 kB
.nuxt/dist/client/_nuxt/Cj5iFsq6.js                         24.00 kB │ gzip:   4.14 kB
.nuxt/dist/client/_nuxt/DleJwPgv.js                         24.04 kB │ gzip:   5.40 kB
.nuxt/dist/client/_nuxt/B62xM7NY.js                         24.22 kB │ gzip:   3.97 kB
.nuxt/dist/client/_nuxt/BroJfC0k.js                         24.25 kB │ gzip:   3.86 kB
.nuxt/dist/client/_nuxt/D-dR4_KW.js                         24.42 kB │ gzip:   8.87 kB
.nuxt/dist/client/_nuxt/9MfHhQsQ.js                         24.67 kB │ gzip:   3.24 kB
.nuxt/dist/client/_nuxt/vQ9qQmaT.js                         24.90 kB │ gzip:   3.01 kB
.nuxt/dist/client/_nuxt/DgjMoLWr.js                         24.93 kB │ gzip:   3.76 kB
.nuxt/dist/client/_nuxt/BRdr0IET.js                         25.03 kB │ gzip:   2.62 kB
.nuxt/dist/client/_nuxt/Yf0g_uY-.js                         25.29 kB │ gzip:   4.12 kB
.nuxt/dist/client/_nuxt/D7Lr4KcI.js                         25.29 kB │ gzip:   3.63 kB
.nuxt/dist/client/_nuxt/DipYleIE.js                         25.46 kB │ gzip:   3.58 kB
.nuxt/dist/client/_nuxt/eJ-hLW7d.js                         25.89 kB │ gzip:   4.23 kB
.nuxt/dist/client/_nuxt/C-SB1HBt.js                         26.36 kB │ gzip:   9.49 kB
.nuxt/dist/client/_nuxt/D0apG41V.js                         26.37 kB │ gzip:   3.97 kB
.nuxt/dist/client/_nuxt/Dh5ihWbf.js                         26.54 kB │ gzip:   4.85 kB
.nuxt/dist/client/_nuxt/Cb4Vim4T.js                         26.72 kB │ gzip:   4.35 kB
.nuxt/dist/client/_nuxt/oeQT6MSM.js                         26.87 kB │ gzip:   3.79 kB
.nuxt/dist/client/_nuxt/Cr7g4o50.js                         27.24 kB │ gzip:   4.21 kB
.nuxt/dist/client/_nuxt/Dubd_ABh.js                         27.26 kB │ gzip:   4.29 kB
.nuxt/dist/client/_nuxt/CQJJ0J_G.js                         27.41 kB │ gzip:   6.34 kB
.nuxt/dist/client/_nuxt/rtO9IGkM.js                         27.44 kB │ gzip:   3.53 kB
.nuxt/dist/client/_nuxt/Crud5tlC.js                         27.54 kB │ gzip:  10.26 kB
.nuxt/dist/client/_nuxt/BiFt_7mu.js                         28.88 kB │ gzip:   3.93 kB
.nuxt/dist/client/_nuxt/DhmEMT88.js                         28.91 kB │ gzip:   5.14 kB
.nuxt/dist/client/_nuxt/DdWVywIE.js                         29.37 kB │ gzip:   4.42 kB
.nuxt/dist/client/_nuxt/CCn79oCD.js                         29.56 kB │ gzip:   5.94 kB
.nuxt/dist/client/_nuxt/UDD2JkSx.js                         30.92 kB │ gzip:  11.00 kB
.nuxt/dist/client/_nuxt/QAzpVeqE.js                         30.98 kB │ gzip:   4.29 kB
.nuxt/dist/client/_nuxt/B6D30XZt.js                         31.06 kB │ gzip:   8.01 kB
.nuxt/dist/client/_nuxt/CA9gdOdF.js                         31.43 kB │ gzip:   7.82 kB
.nuxt/dist/client/_nuxt/DRFjx7u4.js                         33.49 kB │ gzip:   5.49 kB
.nuxt/dist/client/_nuxt/CLwyXe_n.js                         33.78 kB │ gzip:   5.50 kB
.nuxt/dist/client/_nuxt/KYRAD2b_.js                         33.94 kB │ gzip:   8.35 kB
.nuxt/dist/client/_nuxt/Dh7fcYq8.js                         34.89 kB │ gzip:  13.94 kB
.nuxt/dist/client/_nuxt/CsQjoeUi.js                         35.34 kB │ gzip:   4.45 kB
.nuxt/dist/client/_nuxt/CsvMBhTu.js                         35.41 kB │ gzip:   5.76 kB
.nuxt/dist/client/_nuxt/CHhCAdHn.js                         35.63 kB │ gzip:  12.45 kB
.nuxt/dist/client/_nuxt/oM2G3aXe.js                         35.66 kB │ gzip:   6.22 kB
.nuxt/dist/client/_nuxt/C8oCnwJJ.js                         35.94 kB │ gzip:   6.00 kB
.nuxt/dist/client/_nuxt/3MMMmMU-.js                         35.98 kB │ gzip:   3.51 kB
.nuxt/dist/client/_nuxt/CXuKk5E8.js                         37.46 kB │ gzip:   4.36 kB
.nuxt/dist/client/_nuxt/CYIUgYqB.js                         38.67 kB │ gzip:   8.49 kB
.nuxt/dist/client/_nuxt/C-f3o6El.js                         39.06 kB │ gzip:  10.88 kB
.nuxt/dist/client/_nuxt/Cmm7eHzH.js                         40.71 kB │ gzip:   8.16 kB
.nuxt/dist/client/_nuxt/D8IpX4py.js                         41.48 kB │ gzip:   6.41 kB
.nuxt/dist/client/_nuxt/XvrBd-Au.js                         41.52 kB │ gzip:   6.11 kB
.nuxt/dist/client/_nuxt/DZJ3mwtd.js                         43.11 kB │ gzip:   4.62 kB
.nuxt/dist/client/_nuxt/qD-0Kul2.js                         43.78 kB │ gzip:   8.43 kB
.nuxt/dist/client/_nuxt/_6rzW9BS.js                         45.05 kB │ gzip:   9.87 kB
.nuxt/dist/client/_nuxt/DibNN4iT.js                         46.53 kB │ gzip:   5.65 kB
.nuxt/dist/client/_nuxt/rLFTqkRN.js                         46.81 kB │ gzip:   5.14 kB
.nuxt/dist/client/_nuxt/KFGFyKwG.js                         47.88 kB │ gzip:   6.85 kB
.nuxt/dist/client/_nuxt/C5qYipkI.js                         48.07 kB │ gzip:   5.96 kB
.nuxt/dist/client/_nuxt/CVPu1hTp.js                         49.09 kB │ gzip:  11.94 kB
.nuxt/dist/client/_nuxt/DsUTQ-LC.js                         49.92 kB │ gzip:   9.47 kB
.nuxt/dist/client/_nuxt/DjuaAJKi.js                         50.84 kB │ gzip:   8.47 kB
.nuxt/dist/client/_nuxt/CtsyrtPq.js                         50.84 kB │ gzip:   8.48 kB
.nuxt/dist/client/_nuxt/C9Q5zVZY.js                         50.85 kB │ gzip:   8.48 kB
.nuxt/dist/client/_nuxt/R8nAf1vR.js                         50.85 kB │ gzip:   8.48 kB
.nuxt/dist/client/_nuxt/sB-x3p7T.js                         53.74 kB │ gzip:   8.37 kB
.nuxt/dist/client/_nuxt/Df2xbC6M.js                         53.74 kB │ gzip:   8.36 kB
.nuxt/dist/client/_nuxt/BxpfTIzt.js                         54.80 kB │ gzip:   4.79 kB
.nuxt/dist/client/_nuxt/ClFFjSW2.js                         55.87 kB │ gzip:   4.81 kB
.nuxt/dist/client/_nuxt/agnEtX0f.js                         56.98 kB │ gzip:  12.39 kB
.nuxt/dist/client/_nuxt/BddZlIIN.js                         57.29 kB │ gzip:  11.76 kB
.nuxt/dist/client/_nuxt/B7ZEbQpA.js                         58.68 kB │ gzip:   8.10 kB
.nuxt/dist/client/_nuxt/BYOwaDjH.js                         59.32 kB │ gzip:   5.66 kB
.nuxt/dist/client/_nuxt/O90oeIOV.js                         62.44 kB │ gzip:   5.04 kB
.nuxt/dist/client/_nuxt/fg40_ntQ.js                         69.51 kB │ gzip:   9.20 kB
.nuxt/dist/client/_nuxt/gzcpVVnB.js                         69.94 kB │ gzip:   9.09 kB
.nuxt/dist/client/_nuxt/CY6BsEa2.js                         72.16 kB │ gzip:  10.54 kB
.nuxt/dist/client/_nuxt/_DBC9X2v.js                         72.87 kB │ gzip:   6.74 kB
.nuxt/dist/client/_nuxt/CgoNMtux.js                         74.64 kB │ gzip:  10.69 kB
.nuxt/dist/client/_nuxt/BCTMiM3X.js                         79.55 kB │ gzip:  30.87 kB
.nuxt/dist/client/_nuxt/CM7LIEqA.js                         81.06 kB │ gzip:  26.44 kB
.nuxt/dist/client/_nuxt/CyEgAFGc.js                         87.22 kB │ gzip:  14.79 kB
.nuxt/dist/client/_nuxt/CYNrtFtB.js                         88.96 kB │ gzip:  11.18 kB
.nuxt/dist/client/_nuxt/oqKa8noW.js                         90.18 kB │ gzip:  10.71 kB
.nuxt/dist/client/_nuxt/HWPmIJwF.js                         92.02 kB │ gzip:  23.44 kB
.nuxt/dist/client/_nuxt/DcIDlBhZ.js                         92.38 kB │ gzip:  15.07 kB
.nuxt/dist/client/_nuxt/DVTAwKKz.js                         97.62 kB │ gzip:  14.84 kB
.nuxt/dist/client/_nuxt/DeU97SRW.js                        104.92 kB │ gzip:  28.27 kB
.nuxt/dist/client/_nuxt/D1A_Heim.js                        105.40 kB │ gzip:  23.63 kB
.nuxt/dist/client/_nuxt/dtnCJNQY.js                        113.05 kB │ gzip:  28.82 kB
.nuxt/dist/client/_nuxt/k65is2On.js                        130.59 kB │ gzip:  56.92 kB
.nuxt/dist/client/_nuxt/DxB64Ilw.js                        135.37 kB │ gzip:  42.10 kB
.nuxt/dist/client/_nuxt/SCjQUq34.js                        136.04 kB │ gzip:   9.45 kB
.nuxt/dist/client/_nuxt/DQZ5AkYe.js                        136.10 kB │ gzip:  23.54 kB
.nuxt/dist/client/_nuxt/B3EJy0Rr.js                        142.72 kB │ gzip:  52.97 kB
.nuxt/dist/client/_nuxt/DWjtY9fU.js                        163.13 kB │ gzip:  10.73 kB
.nuxt/dist/client/_nuxt/BsSzOQcm.js                        171.96 kB │ gzip:  30.98 kB
.nuxt/dist/client/_nuxt/DXM31ps9.js                        174.87 kB │ gzip:  16.67 kB
.nuxt/dist/client/_nuxt/DwGB6FPj.js                        175.58 kB │ gzip:  16.66 kB
.nuxt/dist/client/_nuxt/DKAVEm2W.js                        177.84 kB │ gzip:  16.76 kB
.nuxt/dist/client/_nuxt/BBr-qZfs.js                        181.12 kB │ gzip:  16.28 kB
.nuxt/dist/client/_nuxt/K1dB1Gvu.js                        183.45 kB │ gzip:  57.04 kB
.nuxt/dist/client/_nuxt/BaTjW-j8.js                        183.71 kB │ gzip:  16.77 kB
.nuxt/dist/client/_nuxt/DFFom3e2.js                        190.01 kB │ gzip:  18.04 kB
.nuxt/dist/client/_nuxt/DLL8P-h_.js                        262.38 kB │ gzip:  77.63 kB
.nuxt/dist/client/_nuxt/BnjxR4X6.js                        622.32 kB │ gzip: 232.09 kB
.nuxt/dist/client/_nuxt/BMI6ggiU.js                        785.51 kB │ gzip:  58.25 kB
.nuxt/dist/client/_nuxt/c_oH4hRZ.js                        790.00 kB │ gzip: 200.30 kB


 WARN  [INEFFECTIVE_DYNAMIC_IMPORT] app/features/post/mock.ts is dynamically imported by app/composables/useKeyboardShortcuts.ts but also statically imported by app/composables/useArticleComments.ts, app/composables/useArticleDetail.ts, app/composables/usePostList.ts, app/composables/usePostMetadata.ts, app/composables/useSearch.ts, ..., dynamic import will not move module into another chunk.



 WARN  [plugin builtin:vite-reporter] 
(!) Some chunks are larger than 500 kB after minification. Consider:
- Using dynamic import() to code-split the application
- Use build.rolldownOptions.output.codeSplitting to improve chunking: https://rolldown.rs/reference/OutputOptions.codeSplitting
- Adjust chunk size limit for this warning via build.chunkSizeWarningLimit.


 WARN  [INEFFECTIVE_DYNAMIC_IMPORT] app/features/tab/export.ts is dynamically imported by app/components/tab/TabSettingsDrawer.vue?vue&type=script&setup=true&lang.ts but also statically imported by app/components/tab/TabImportDialog.vue?vue&type=script&setup=true&lang.ts, dynamic import will not move module into another chunk.


i ✓ built in 5.11s

 WARN  [PLUGIN_TIMINGS] Plugin hooks ran for 4.7s of this 5.1s build (93%).
The slowest hooks, timed inside each callback (the wait before a callback starts is excluded, the time it awaits is included):
  - vite:vue transform (20%, 1.0s, 529 calls)
Additional hook time came from the hooks below and from hooks under 1s.
5 hooks are listed without a time. Their calls overlapped, so the time inside one call includes work from other calls. To find their cost, profile the build with node --cpu-prof:
  - nuxt:ssr-styles:client resolveId (454 calls)
  - vite:css transform (164 calls)
  - nuxt:virtual resolveId (973 calls)
  … and 2 more
See https://rolldown.rs/reference/InputOptions.checks#plugintimings for more details.


√ Client built in 5134ms
i Building server...
i vite v8.2.2 building ssr environment for production...
transforming...
✓ 832 modules transformed.
rendering chunks...
i .nuxt/dist/server/_nuxt/TabAddBookmarkDialog-styles.xsc3Fjni.mjs         0.08 kB
.nuxt/dist/server/_nuxt/TabBookmarkGrid-styles.NuYi9EbJ.mjs              0.08 kB
.nuxt/dist/server/_nuxt/TabBookmarkItem-styles.4tkenUEb.mjs              0.08 kB
.nuxt/dist/server/_nuxt/TabContextMenu-styles.CJ7lWl3L.mjs               0.08 kB
.nuxt/dist/server/_nuxt/TabIconPicker-styles.MNYfEqv_.mjs                0.08 kB
.nuxt/dist/server/_nuxt/TabSearchBar-styles.BRZCy-AS.mjs                 0.08 kB
.nuxt/dist/server/_nuxt/site-styles.Dpb3A9jv.mjs                         0.08 kB
.nuxt/dist/server/_nuxt/AboutHero-styles.vJpHaZw5.mjs                    0.08 kB
.nuxt/dist/server/_nuxt/AppLoadingScreen-styles.DbiSqnLH.mjs             0.08 kB
.nuxt/dist/server/_nuxt/AppLoadingTopBar-styles.DC1jUc3j.mjs             0.08 kB
.nuxt/dist/server/_nuxt/AuthForgotForm-styles.DwGC7u4A.mjs               0.08 kB
.nuxt/dist/server/_nuxt/AuthRegisterForm-styles.BdO6LaiK.mjs             0.08 kB
.nuxt/dist/server/_nuxt/ContactCards-styles.J5Sal_Ay.mjs                 0.08 kB
.nuxt/dist/server/_nuxt/ExperienceTimeline-styles.bw6xWi8W.mjs           0.08 kB
.nuxt/dist/server/_nuxt/LinkCard-styles.NouFPuyE.mjs                     0.08 kB
.nuxt/dist/server/_nuxt/LinkForm-styles.B4CQ-TaC.mjs                     0.08 kB
.nuxt/dist/server/_nuxt/LinkGrid-styles.CYMoA3Uv.mjs                     0.08 kB
.nuxt/dist/server/_nuxt/SkillBars-styles.A6zAR8Bb.mjs                    0.08 kB
.nuxt/dist/server/_nuxt/TabAddCategoryDialog-styles.DvOcfjqF.mjs         0.08 kB
.nuxt/dist/server/_nuxt/TabCommandPalette-styles.VY90uBIF.mjs            0.08 kB
.nuxt/dist/server/_nuxt/TabImportDialog-styles.Crf4Fjcx.mjs              0.08 kB
.nuxt/dist/server/_nuxt/TabSettingsDrawer-styles.B3eogT8I.mjs            0.08 kB
.nuxt/dist/server/_nuxt/admin-styles.Cj3TFDxy.mjs                        0.08 kB
.nuxt/dist/server/_nuxt/index-styles.DWDaJWZ5.mjs                        0.08 kB
.nuxt/dist/server/_nuxt/login-styles.CcATTk6_.mjs                        0.08 kB
.nuxt/dist/server/_nuxt/media-styles.DPXXpCWb.mjs                        0.08 kB
.nuxt/dist/server/_nuxt/new-styles.BvSjaAeP.mjs                          0.08 kB
.nuxt/dist/server/_nuxt/ArticleContent-styles.Boq-QNS3.mjs               0.08 kB
.nuxt/dist/server/_nuxt/ArticleNav-styles.j8xixnc5.mjs                   0.08 kB
.nuxt/dist/server/_nuxt/CodeBlock-styles.DlsJRwzl.mjs                    0.08 kB
.nuxt/dist/server/_nuxt/CommentBubble-styles.DbHdpujR.mjs                0.08 kB
.nuxt/dist/server/_nuxt/CommentSection-styles.C2_UlllV.mjs               0.08 kB
.nuxt/dist/server/_nuxt/ReadingProgress-styles.DuDToSY_.mjs              0.08 kB
.nuxt/dist/server/_nuxt/ShareButtons-styles.BPTKrtJA.mjs                 0.08 kB
.nuxt/dist/server/_nuxt/StateBlock-styles.BUgfou_5.mjs                   0.08 kB
.nuxt/dist/server/_nuxt/StickyHeader-styles.D4zgpZrP.mjs                 0.08 kB
.nuxt/dist/server/_nuxt/_id_-styles-2.BDv0YQ-A.mjs                       0.08 kB
.nuxt/dist/server/_nuxt/_id_-styles-3.B0cZUIm6.mjs                       0.08 kB
.nuxt/dist/server/_nuxt/_name_-styles.DtpTn1mo.mjs                       0.08 kB
.nuxt/dist/server/_nuxt/error-styles.O3W2wQiP.mjs                        0.08 kB
.nuxt/dist/server/_nuxt/AppearanceDrawer-styles.btzYSUqU.mjs             0.08 kB
.nuxt/dist/server/_nuxt/ArchiveItem-styles.BhBTNSsE.mjs                  0.08 kB
.nuxt/dist/server/_nuxt/ArchiveTimeline-styles.B5JwKFwH.mjs              0.08 kB
.nuxt/dist/server/_nuxt/CategoryCard-styles.BCIs5xBj.mjs                 0.08 kB
.nuxt/dist/server/_nuxt/FlashAISearchModal-styles.6mxzrQjQ.mjs           0.08 kB
.nuxt/dist/server/_nuxt/FlashNoteList-styles.D8BFVn-B.mjs                0.08 kB
.nuxt/dist/server/_nuxt/GalleryFilter-styles.DHN9aHx1.mjs                0.08 kB
.nuxt/dist/server/_nuxt/GalleryGrid-styles.DYAU12xv.mjs                  0.08 kB
.nuxt/dist/server/_nuxt/GalleryItem-styles.wv_1NEs4.mjs                  0.08 kB
.nuxt/dist/server/_nuxt/LightBox-styles.DUmBtxZQ.mjs                     0.08 kB
.nuxt/dist/server/_nuxt/MobileNav-styles.QAzi_zW3.mjs                    0.08 kB
.nuxt/dist/server/_nuxt/PostCardList-styles.D97uPY6m.mjs                 0.08 kB
.nuxt/dist/server/_nuxt/SiteAnnouncement-styles.B_ACfaAU.mjs             0.08 kB
.nuxt/dist/server/_nuxt/TagCloudCard-styles.DNYJJQrI.mjs                 0.08 kB
.nuxt/dist/server/_nuxt/Tooltip-styles.BgwRh2gz.mjs                      0.08 kB
.nuxt/dist/server/_nuxt/flashes-styles.B18Yxcm_.mjs                      0.08 kB
.nuxt/dist/server/_nuxt/Markdown-styles.BRiWWKtE.mjs                     0.08 kB
.nuxt/dist/server/_nuxt/ProjectCard-styles.DfX6dbZL.mjs                  0.08 kB
.nuxt/dist/server/_nuxt/ProjectGrid-styles.BsNOWiQL.mjs                  0.08 kB
.nuxt/dist/server/_nuxt/comments-styles.WDt4uHFt.mjs                     0.08 kB
.nuxt/dist/server/_nuxt/taxonomy-styles.DHjJoPqu.mjs                     0.08 kB
.nuxt/dist/server/_nuxt/EmptyState-styles.D2BjQnYf.mjs                   0.08 kB
.nuxt/dist/server/_nuxt/MessageBubble-styles.Cj6NJ1a9.mjs                0.08 kB
.nuxt/dist/server/_nuxt/MessageInput-styles.HyXTVmS0.mjs                 0.08 kB
.nuxt/dist/server/_nuxt/MessageList-styles.rwqMIdkA.mjs                  0.08 kB
.nuxt/dist/server/_nuxt/MessageSkeleton-styles.B1ylgVHe.mjs              0.08 kB
.nuxt/dist/server/_nuxt/PinnedMessage-styles.D41g820I.mjs                0.08 kB
.nuxt/dist/server/_nuxt/SearchBox-styles.Bw59-L2_.mjs                    0.08 kB
.nuxt/dist/server/_nuxt/MomentCard-styles.DSQBzjto.mjs                   0.08 kB
.nuxt/dist/server/_nuxt/MomentList-styles.PkVvq9rO.mjs                   0.08 kB
.nuxt/dist/server/_nuxt/PageHeader-styles.CA_IxOp3.mjs                   0.08 kB
.nuxt/dist/server/_nuxt/PostCard-styles.Dd_OI0cJ.mjs                     0.08 kB
.nuxt/dist/server/_nuxt/RootLayout-styles.BsZ4rJhi.mjs                   0.08 kB
.nuxt/dist/server/_nuxt/SidebarNav-styles.BTjqBrIb.mjs                   0.08 kB
.nuxt/dist/server/_nuxt/FlashEditor-styles.DlJqcWIn.mjs                  0.09 kB
.nuxt/dist/server/_nuxt/MediaPicker-styles.DHZafgJb.mjs                  0.09 kB
.nuxt/dist/server/_nuxt/maintenance-styles.BKAFjP0T.mjs                  0.09 kB
.nuxt/dist/server/_nuxt/MediaLibrary-styles.tO_mIldk.mjs                 0.09 kB
.nuxt/dist/server/_nuxt/PostConflict-styles.B6MLcWaI.mjs                 0.09 kB
.nuxt/dist/server/_nuxt/RootLayout-styles-3.BNB_HK_j.mjs                 0.09 kB
.nuxt/dist/server/_nuxt/SiteStatsCard-styles.CjTMvnSd.mjs                0.09 kB
.nuxt/dist/server/_nuxt/AuthLoginForm-styles.db7RkSq0.mjs                0.09 kB
.nuxt/dist/server/_nuxt/ContextDrawer-styles.E-njTvcF.mjs                0.09 kB
.nuxt/dist/server/_nuxt/FlashNoteCard-styles.Av4bJ9C6.mjs                0.09 kB
.nuxt/dist/server/_nuxt/PostWorkspace-styles.DTd06su7.mjs                0.09 kB
.nuxt/dist/server/_nuxt/ThemeSwitcher-styles.D5UQVETv.mjs                0.09 kB
.nuxt/dist/server/_nuxt/DailyQuoteCard-styles.BrVX0Y4V.mjs               0.09 kB
.nuxt/dist/server/_nuxt/FlashImageGrid-styles.tK0s9htW.mjs               0.09 kB
.nuxt/dist/server/_nuxt/MomentLinkCard-styles.Dk_hfCe6.mjs               0.09 kB
.nuxt/dist/server/_nuxt/StatusFooter-styles-2.CTjvo-no.mjs               0.09 kB
.nuxt/dist/server/_nuxt/StatusFooter-styles.CQPpMcMf.mjs                 0.09 kB
.nuxt/dist/server/_nuxt/ThemeAccessory-styles.31xdB4RQ.mjs               0.09 kB
.nuxt/dist/server/_nuxt/AppearanceEntry-styles.jrpnO_AS.mjs              0.09 kB
.nuxt/dist/server/_nuxt/CustomScrollbar-styles.Dm44340b.mjs              0.09 kB
.nuxt/dist/server/_nuxt/MomentTopicCard-styles.7qCCsbrF.mjs              0.09 kB
.nuxt/dist/server/_nuxt/MomentAuthorCard-styles.5UUz0IE4.mjs             0.09 kB
.nuxt/dist/server/_nuxt/OwnerProfileCard-styles.Qgymm3_0.mjs             0.09 kB
.nuxt/dist/server/_nuxt/ThemeAccessory-styles-2.Chrw4lyn.mjs             0.09 kB
.nuxt/dist/server/_nuxt/ThemeAccessory-styles-3.BCIQpR-I.mjs             0.09 kB
.nuxt/dist/server/_nuxt/MomentArticleCard-styles.BD6FTaJE.mjs            0.09 kB
.nuxt/dist/server/_nuxt/SidebarFooterCard-styles.BqhY4DKi.mjs            0.09 kB
.nuxt/dist/server/_nuxt/GuestIdentityModal-styles.rtwaq9AK.mjs           0.09 kB
.nuxt/dist/server/_nuxt/MomentCalendarCard-styles.72D6YiNZ.mjs           0.09 kB
.nuxt/dist/server/_nuxt/MomentCommentSection-styles.BfOf2t-J.mjs         0.09 kB
.nuxt/dist/server/_nuxt/SiteAnnouncementCard-styles.DPaOECf7.mjs         0.09 kB
.nuxt/dist/server/_nuxt/TabWallpaperLayer-styles.DKhw2W04.mjs            0.14 kB
.nuxt/dist/server/_nuxt/AuthPanel-styles.YFp3gDAD.mjs                    0.15 kB
.nuxt/dist/server/_nuxt/audit-styles.C8QjugFF.mjs                        0.15 kB
.nuxt/dist/server/_nuxt/account-styles.CZWcsuT7.mjs                      0.15 kB
.nuxt/dist/server/_nuxt/index-styles-4.D2p-SPhd.mjs                      0.15 kB
.nuxt/dist/server/_nuxt/HeatmapGrid-styles.CIuefnPn.mjs                  0.16 kB
.nuxt/dist/server/_nuxt/MomentUserPopover-styles.BJadDeeI.mjs            0.17 kB
.nuxt/dist/server/_nuxt/default-styles.C4aGBkGI.mjs                      0.22 kB
.nuxt/dist/server/_nuxt/index-styles-3.DXApul_D.mjs                      0.22 kB
.nuxt/dist/server/_nuxt/archive-styles.Bpy5T4-n.mjs                      0.29 kB
.nuxt/dist/server/_nuxt/RootLayout-styles-2.M5BzAIZw.mjs                 0.31 kB
.nuxt/dist/server/_nuxt/index-styles-2.33hsYi-t.mjs                      0.36 kB
.nuxt/dist/server/_nuxt/index-styles-5.BddE-wV-.mjs                      0.36 kB
.nuxt/dist/server/_nuxt/projects-styles.CM4F31t-.mjs                     0.36 kB
.nuxt/dist/server/_nuxt/links-styles.B9nVVGsw.mjs                        0.41 kB
.nuxt/dist/server/_nuxt/about-styles.B8APZlbM.mjs                        0.48 kB
.nuxt/dist/server/_nuxt/gallery-styles.1K1_txjr.mjs                      0.50 kB
.nuxt/dist/server/_nuxt/guestbook-styles.B2nA6ozO.mjs                    0.72 kB
.nuxt/dist/server/_nuxt/entry-styles.BnHJjQX0.mjs                        0.75 kB
.nuxt/dist/server/_nuxt/_id_-styles.DXuySTnl.mjs                         0.84 kB
.nuxt/dist/server/_nuxt/tabs-styles.C46ZLV_j.mjs                         0.95 kB
.nuxt/dist/server/styles.mjs                                            15.09 kB
.nuxt/dist/server/_nuxt/articlePath-DcJXogVE.js                          0.35 kB │ map:   0.52 kB
.nuxt/dist/server/_nuxt/pages-vLyPK6dy.js                                0.37 kB │ map:   1.82 kB
.nuxt/dist/server/_nuxt/virtual_nuxt_.nuxt_fetch-CjTCrJTP.js             0.42 kB │ map:   0.50 kB
.nuxt/dist/server/_nuxt/tabs-styles-2.mjs-D3_U_UH5.js                    0.42 kB │ map:   0.33 kB
.nuxt/dist/server/_nuxt/entry-styles-6.mjs-C49On9qs.js                   0.44 kB │ map:   0.29 kB
.nuxt/dist/server/_nuxt/ThemeAccessory-3-styles-1.mjs-BPaPo-Vc.js        0.44 kB │ map:   0.57 kB
.nuxt/dist/server/_nuxt/ThemeAccessory-2-styles-1.mjs-DxOhzIx0.js        0.45 kB │ map:   0.57 kB
.nuxt/dist/server/_nuxt/entry-styles-5.mjs-DvaZp4eL.js                   0.45 kB │ map:   0.29 kB
.nuxt/dist/server/_nuxt/projects-styles-5.mjs-D1RL2YOH.js                0.45 kB │ map:   2.17 kB
.nuxt/dist/server/_nuxt/media-styles-1.mjs-BxYuG68u.js                   0.45 kB │ map:   0.79 kB
.nuxt/dist/server/_nuxt/archive-styles-4.mjs-SK-LPYON.js                 0.45 kB │ map:   2.67 kB
.nuxt/dist/server/_nuxt/mock-DIVmYxG-.js                                 0.46 kB │ map:   1.20 kB
.nuxt/dist/server/_nuxt/rolldown-runtime-EAsCxrDo.js                     0.49 kB
.nuxt/dist/server/_nuxt/MomentUserPopover-styles-1.mjs-CGKH-ZtW.js       0.49 kB │ map:   5.84 kB
.nuxt/dist/server/_nuxt/links-styles-6.mjs-CWUPjG8M.js                   0.53 kB │ map:   2.17 kB
.nuxt/dist/server/_nuxt/login-styles-1.mjs-D6e9NzUi.js                   0.54 kB │ map:   1.36 kB
.nuxt/dist/server/_nuxt/AuthLoginForm-styles-1.mjs-CSOPl-cm.js           0.54 kB │ map:   2.86 kB
.nuxt/dist/server/_nuxt/gallery-styles-7.mjs-CDBEpM72.js                 0.54 kB │ map:   3.78 kB
.nuxt/dist/server/_nuxt/projects-styles-2.mjs-x70K6dYo.js                0.54 kB │ map:   0.40 kB
.nuxt/dist/server/_nuxt/useFooterExpand-DPHeUJyr.js                      0.54 kB │ map:   0.66 kB
.nuxt/dist/server/_nuxt/gallery-styles-3.mjs-CmD8bK9D.js                 0.57 kB │ map:   0.38 kB
.nuxt/dist/server/_nuxt/_id_-2-styles-1.mjs-Bg-yyuWj.js                  0.62 kB │ map:   0.54 kB
.nuxt/dist/server/_nuxt/about-styles-7.mjs-B7yZYWJC.js                   0.62 kB │ map:   2.53 kB
.nuxt/dist/server/_nuxt/links-styles-2.mjs-Ck3UvINo.js                   0.64 kB │ map:   0.54 kB
.nuxt/dist/server/_nuxt/useModalFocus-C_X7mrXZ.js                        0.65 kB │ map:   6.71 kB
.nuxt/dist/server/_nuxt/PageHeader-styles-1.mjs-uIC7aW04.js              0.65 kB │ map:   1.29 kB
.nuxt/dist/server/_nuxt/default-styles-1.mjs-BfS9ugbi.js                 0.75 kB │ map:   0.65 kB
.nuxt/dist/server/_nuxt/audit-styles-2.mjs-bT9Xhptm.js                   0.83 kB │ map:   3.71 kB
.nuxt/dist/server/_nuxt/SidebarNav-styles-1.mjs-De_-uYht.js              0.83 kB │ map:   0.79 kB
.nuxt/dist/server/_nuxt/ssr-JZrD5BnJ.js                                  0.87 kB │ map:   4.03 kB
.nuxt/dist/server/_nuxt/about-styles-5.mjs-C8v9qd7p.js                   0.87 kB │ map:   0.81 kB
.nuxt/dist/server/_nuxt/entry-styles-11.mjs-Cfyla3tZ.js                  0.88 kB │ map:   0.83 kB
.nuxt/dist/server/_nuxt/ThemeSwitcher-styles-1.mjs-B6-hVKGA.js           0.89 kB │ map:   2.73 kB
.nuxt/dist/server/_nuxt/_id_-2-styles-3.mjs-BRRO222U.js                  0.91 kB │ map:   0.89 kB
.nuxt/dist/server/_nuxt/MediaPicker-styles-1.mjs-D4jAFpFL.js             0.93 kB │ map:   2.34 kB
.nuxt/dist/server/_nuxt/guestbook-styles-6.mjs-CARezUIJ.js               0.93 kB │ map:   0.89 kB
.nuxt/dist/server/_nuxt/audit-styles-1.mjs-Bk5EAqU5.js                   0.93 kB │ map:   0.79 kB
.nuxt/dist/server/_nuxt/projects-styles-3.mjs-BuDcamW4.js                0.94 kB │ map:   0.91 kB
.nuxt/dist/server/_nuxt/account-styles-1.mjs-Cr_s9Kb-.js                 0.95 kB │ map:   0.80 kB
.nuxt/dist/server/_nuxt/links-styles-5.mjs-DccIt9UK.js                   0.95 kB │ map:   0.93 kB
.nuxt/dist/server/_nuxt/useToast-BXAj0IQX.js                             0.95 kB │ map:   2.23 kB
.nuxt/dist/server/_nuxt/topics-CysWr0FC.js                               0.97 kB │ map:   1.75 kB
.nuxt/dist/server/_nuxt/useScrollProgress-DUwQDofy.js                    1.00 kB │ map:   1.33 kB
.nuxt/dist/server/_nuxt/gallery-styles-1.mjs-D5iSjQJe.js                 1.05 kB │ map:   0.91 kB
.nuxt/dist/server/_nuxt/ThemeAccessory-CWM21fIF.js                       1.06 kB │ map:   0.58 kB
.nuxt/dist/server/_nuxt/ThemeAccessory-DcW4mN1c.js                       1.06 kB │ map:   0.59 kB
.nuxt/dist/server/_nuxt/PostWorkspace-styles-1.mjs-B19vXPGR.js           1.07 kB │ map:   6.20 kB
.nuxt/dist/server/_nuxt/useFullbleedPage-kge0JzAH.js                     1.08 kB │ map:   1.33 kB
.nuxt/dist/server/_nuxt/account-styles-2.mjs-CDA5e60k.js                 1.08 kB │ map:   5.43 kB
.nuxt/dist/server/_nuxt/RootLayout-2-styles-2.mjs-B9L5cz5c.js            1.09 kB │ map:   1.21 kB
.nuxt/dist/server/_nuxt/useSidebarExitAnimation-DWJpTNj2.js              1.09 kB │ map:   2.95 kB
.nuxt/dist/server/_nuxt/entry-styles-1.mjs-DuOPz5X1.js                   1.10 kB │ map:   1.53 kB
.nuxt/dist/server/_nuxt/links-styles-4.mjs-DYI4ArV4.js                   1.10 kB │ map:   1.15 kB
.nuxt/dist/server/_nuxt/useNavItems-Bm_QR1PT.js                          1.11 kB │ map:   2.35 kB
.nuxt/dist/server/_nuxt/FlashImageGrid-styles-1.mjs-BC8DBYI1.js          1.12 kB │ map:   2.49 kB
.nuxt/dist/server/_nuxt/useMomentOverview-BJJSKR_N.js                    1.12 kB │ map:   1.40 kB
.nuxt/dist/server/_nuxt/default-styles-3.mjs-B6pwxwU5.js                 1.13 kB │ map:   1.02 kB
.nuxt/dist/server/_nuxt/gallery-styles-5.mjs-BaoDdIcV.js                 1.14 kB │ map:   1.12 kB
.nuxt/dist/server/_nuxt/links-styles-3.mjs-Bpy6IWq8.js                   1.14 kB │ map:   1.08 kB
.nuxt/dist/server/_nuxt/comments-styles-1.mjs-CFFizove.js                1.17 kB │ map:  21.96 kB
.nuxt/dist/server/_nuxt/DailyQuoteCard-styles-1.mjs-GUOJ-rUL.js          1.19 kB │ map:   2.45 kB
.nuxt/dist/server/_nuxt/about-styles-6.mjs-Da3mx8w6.js                   1.20 kB │ map:   1.16 kB
.nuxt/dist/server/_nuxt/tabs-styles-1.mjs-C5NRLt_z.js                    1.20 kB │ map:   1.36 kB
.nuxt/dist/server/_nuxt/index-5-styles-1.mjs-CO0SjOBu.js                 1.21 kB │ map:   1.12 kB
.nuxt/dist/server/_nuxt/projects-styles-4.mjs-C_Er3YFj.js                1.22 kB │ map:   1.12 kB
.nuxt/dist/server/_nuxt/guestbook-styles-8.mjs-Dyt8SXeN.js               1.24 kB │ map:   1.27 kB
.nuxt/dist/server/_nuxt/about-styles-2.mjs-CqfEahxm.js                   1.25 kB │ map:   1.14 kB
.nuxt/dist/server/_nuxt/StatusFooter-CmX4g_5F.js                         1.26 kB │ map:   0.94 kB
.nuxt/dist/server/_nuxt/StatusFooter-Cs3PAhFa.js                         1.27 kB │ map:   0.94 kB
.nuxt/dist/server/_nuxt/site-styles-1.mjs-BOItGiZq.js                    1.28 kB │ map:   8.71 kB
.nuxt/dist/server/_nuxt/PostCard-D-9t7Pv9.js                             1.31 kB │ map:   1.27 kB
.nuxt/dist/server/_nuxt/PostCard--9lIIu4b.js                             1.31 kB │ map:   1.27 kB
.nuxt/dist/server/_nuxt/MomentList-styles-1.mjs-DCP1MN1w.js              1.31 kB │ map:   3.68 kB
.nuxt/dist/server/_nuxt/PostCard-x4nl9B0A.js                             1.31 kB │ map:   1.28 kB
.nuxt/dist/server/_nuxt/AppearanceEntry-styles-1.mjs-Ch5dgYCy.js         1.32 kB │ map:   1.77 kB
.nuxt/dist/server/_nuxt/links-styles-1.mjs-C8mwYcMV.js                   1.33 kB │ map:   1.38 kB
.nuxt/dist/server/_nuxt/maintenance-styles-1.mjs-D32PkaA-.js             1.34 kB │ map:  12.01 kB
.nuxt/dist/server/_nuxt/ThemeAccessory-styles-1.mjs-BauLcIHG.js          1.36 kB │ map:   1.65 kB
.nuxt/dist/server/_nuxt/useLoginDrawer-BSkAzbsi.js                       1.37 kB │ map:   2.38 kB
.nuxt/dist/server/_nuxt/SiteAnnouncementCard-styles-1.mjs-CMWsuLAI.js    1.37 kB │ map:   2.46 kB
.nuxt/dist/server/_nuxt/index-4-styles-1.mjs-C2ywFwwu.js                 1.38 kB │ map:   1.27 kB
.nuxt/dist/server/_nuxt/guestbook-styles-7.mjs-B2mYmwQr.js               1.40 kB │ map:   1.42 kB
.nuxt/dist/server/_nuxt/gallery-styles-6.mjs-BQaXzItp.js                 1.40 kB │ map:   1.36 kB
.nuxt/dist/server/_nuxt/gallery-styles-2.mjs-BZdCp-uD.js                 1.43 kB │ map:   1.50 kB
.nuxt/dist/server/_nuxt/PostConflict-styles-1.mjs-DTyoUlcI.js            1.46 kB │ map:   5.01 kB
.nuxt/dist/server/_nuxt/entry-styles-3.mjs-ClZvBtad.js                   1.46 kB │ map:   1.34 kB
.nuxt/dist/server/_nuxt/gallery-styles-4.mjs-CPdsfN5v.js                 1.46 kB │ map:   1.47 kB
.nuxt/dist/server/_nuxt/index-3-styles-3.mjs-DirXRkBx.js                 1.48 kB │ map:   7.14 kB
.nuxt/dist/server/_nuxt/new-BNNCqneL.js                                  1.51 kB │ map:   1.05 kB
.nuxt/dist/server/_nuxt/entry-styles-9.mjs-ZwE-bfvf.js                   1.51 kB │ map:   1.39 kB
.nuxt/dist/server/_nuxt/about-styles-1.mjs-CA4fmwj0.js                   1.54 kB │ map:   1.42 kB
.nuxt/dist/server/_nuxt/guestbook-styles-3.mjs-CaMoEYRd.js               1.54 kB │ map:   1.46 kB
.nuxt/dist/server/_nuxt/entry-styles-10.mjs-ah-cNHuN.js                  1.55 kB │ map:   1.55 kB
.nuxt/dist/server/_nuxt/ThemeAccessory-CyUG4cID.js                       1.56 kB │ map:   1.83 kB
.nuxt/dist/server/_nuxt/about-styles-4.mjs-2TQtI96C.js                   1.57 kB │ map:   1.49 kB
.nuxt/dist/server/_nuxt/index-2-styles-4.mjs-ClVUVyLj.js                 1.59 kB │ map:   1.60 kB
.nuxt/dist/server/_nuxt/about-styles-3.mjs-BpzltnSt.js                   1.60 kB │ map:   1.53 kB
.nuxt/dist/server/_nuxt/archive-styles-2.mjs-DLOBG31u.js                 1.62 kB │ map:   1.66 kB
.nuxt/dist/server/_nuxt/index-2-styles-5.mjs-DdcmV0cg.js                 1.62 kB │ map:   7.80 kB
.nuxt/dist/server/_nuxt/_id_-2-styles-10.mjs-6ZD5vXpy.js                 1.63 kB │ map:   1.52 kB
.nuxt/dist/server/_nuxt/MomentArticleCard-styles-1.mjs-C3RvwDIg.js       1.65 kB │ map:   2.54 kB
.nuxt/dist/server/_nuxt/_id_-2-styles-11.mjs-Ba58dHqQ.js                 1.67 kB │ map:   1.78 kB
.nuxt/dist/server/_nuxt/state-CwISXH9C.js                                1.68 kB │ map:   6.08 kB
.nuxt/dist/server/_nuxt/_id_-wYQcq_oq.js                                 1.68 kB │ map:   1.27 kB
.nuxt/dist/server/_nuxt/ContentImage-Cymazuah.js                         1.70 kB │ map:   1.58 kB
.nuxt/dist/server/_nuxt/tabs-styles-6.mjs-HisF368I.js                    1.70 kB │ map:   1.84 kB
.nuxt/dist/server/_nuxt/ContextDrawer-styles-1.mjs-qjuTITKM.js           1.70 kB │ map:   3.40 kB
.nuxt/dist/server/_nuxt/guestbook-styles-1.mjs-CvtldTgg.js               1.73 kB │ map:   1.93 kB
.nuxt/dist/server/_nuxt/taxonomy-styles-1.mjs-DDzjkw72.js                1.75 kB │ map:  10.39 kB
.nuxt/dist/server/_nuxt/index-3-styles-1.mjs-Bbx5sDiA.js                 1.76 kB │ map:   1.91 kB
.nuxt/dist/server/_nuxt/entry-styles-7.mjs-ACQw5i66.js                   1.78 kB │ map:   1.89 kB
.nuxt/dist/server/_nuxt/media-CzIeIVVJ.js                                1.78 kB │ map:   1.55 kB
.nuxt/dist/server/_nuxt/SearchBox-styles-1.mjs-CPyhxp3O.js               1.79 kB │ map:   3.38 kB
.nuxt/dist/server/_nuxt/index-styles-1.mjs-BX06ijR1.js                   1.82 kB │ map:   6.65 kB
.nuxt/dist/server/_nuxt/Markdown-styles-1.mjs-BOdIKfn5.js                1.85 kB │ map:   1.91 kB
.nuxt/dist/server/_nuxt/MomentUserPopover-styles-2.mjs-CkHC8c9N.js       1.85 kB │ map:   5.84 kB
.nuxt/dist/server/_nuxt/_id_-2-styles-6.mjs-Do9nvP8C.js                  1.87 kB │ map:   1.78 kB
.nuxt/dist/server/_nuxt/index-2-styles-1.mjs-DaLzjXmg.js                 1.87 kB │ map:   1.88 kB
.nuxt/dist/server/_nuxt/RootLayout-2-styles-1.mjs-CfaOeRzu.js            1.87 kB │ map:   1.92 kB
.nuxt/dist/server/_nuxt/index-5-styles-3.mjs-DOStCT0E.js                 1.88 kB │ map:   1.82 kB
.nuxt/dist/server/_nuxt/Tooltip-styles-1.mjs-CYpYeLcY.js                 1.90 kB │ map:   7.66 kB
.nuxt/dist/server/_nuxt/archive-styles-3.mjs-BRrvdrNs.js                 1.90 kB │ map:   2.05 kB
.nuxt/dist/server/_nuxt/index-4-styles-2.mjs-D_-ca1le.js                 1.91 kB │ map:  15.98 kB
.nuxt/dist/server/_nuxt/index-3-styles-2.mjs-Sb3wyX0X.js                 1.95 kB │ map:   1.82 kB
.nuxt/dist/server/_nuxt/MediaLibrary-styles-1.mjs-TQMPHo40.js            1.99 kB │ map:   9.09 kB
.nuxt/dist/server/_nuxt/_id_-2-styles-4.mjs-BovszYb6.js                  2.01 kB │ map:   1.78 kB
.nuxt/dist/server/_nuxt/flashes-styles-1.mjs-DDAmbtzR.js                 2.04 kB │ map:   8.14 kB
.nuxt/dist/server/_nuxt/useRelativeDate-Do8p1UP9.js                      2.07 kB │ map:   3.73 kB
.nuxt/dist/server/_nuxt/_id_-2-styles-9.mjs-CxpM4AkJ.js                  2.09 kB │ map:   2.25 kB
.nuxt/dist/server/_nuxt/PageHeader-C07CgmwB.js                           2.10 kB │ map:   2.69 kB
.nuxt/dist/server/_nuxt/index-2-styles-2.mjs-cmtjoc9e.js                 2.10 kB │ map:   2.01 kB
.nuxt/dist/server/_nuxt/tabs-styles-8.mjs-SzhhNMbJ.js                    2.11 kB │ map:   2.19 kB
.nuxt/dist/server/_nuxt/MomentLinkCard-styles-1.mjs-m76CG7UR.js          2.16 kB │ map:   3.97 kB
.nuxt/dist/server/_nuxt/_id_-2-styles-12.mjs-wRo5uSDs.js                 2.16 kB │ map:  11.73 kB
.nuxt/dist/server/_nuxt/guestbook-styles-4.mjs-DV6LDNHR.js               2.17 kB │ map:   2.17 kB
.nuxt/dist/server/_nuxt/_name_-styles-1.mjs-CdDrsE1e.js                  2.18 kB │ map:   6.29 kB
.nuxt/dist/server/_nuxt/entry-styles-8.mjs-CJijWgFg.js                   2.20 kB │ map:   2.81 kB
.nuxt/dist/server/_nuxt/_id_-2-styles-7.mjs-Dt74hvCH.js                  2.22 kB │ map:   2.19 kB
.nuxt/dist/server/_nuxt/Tooltip-DeWMxP68.js                              2.48 kB │ map:  15.75 kB
.nuxt/dist/server/_nuxt/DailyQuoteCard-Dlvut9E_.js                       2.49 kB │ map:   5.07 kB
.nuxt/dist/server/_nuxt/archive-styles-1.mjs-CCHC5tZh.js                 2.51 kB │ map:   2.56 kB
.nuxt/dist/server/_nuxt/SidebarFooterCard-styles-1.mjs-C5Vp5fGy.js       2.53 kB │ map:   4.28 kB
.nuxt/dist/server/_nuxt/login-D5ks8897.js                                2.53 kB │ map:   3.09 kB
.nuxt/dist/server/_nuxt/RootLayout-2-styles-3.mjs-DWyiW8eb.js            2.54 kB │ map:   2.84 kB
.nuxt/dist/server/_nuxt/admin-styles-1.mjs-YY5EVmHn.js                   2.61 kB │ map:   7.25 kB
.nuxt/dist/server/_nuxt/guestbook-styles-9.mjs-6vR0RIh2.js               2.65 kB │ map:   2.94 kB
.nuxt/dist/server/_nuxt/SiteAnnouncementCard-B8CuWnuf.js                 2.66 kB │ map:   5.12 kB
.nuxt/dist/server/_nuxt/_id_-3-styles-1.mjs-dmwAG2d9.js                  2.67 kB │ map:   9.61 kB
.nuxt/dist/server/_nuxt/OwnerProfileCard-styles-1.mjs-B_P6AoQX.js        2.72 kB │ map:   4.88 kB
.nuxt/dist/server/_nuxt/SearchBox-DqMEbSGv.js                            2.86 kB │ map:   7.24 kB
.nuxt/dist/server/_nuxt/StatusFooter-4-styles-1.mjs-Dy5mxoUj.js          2.95 kB │ map:   4.98 kB
.nuxt/dist/server/_nuxt/taxonomy-DgbQxyah.js                             3.02 kB │ map:  21.54 kB
.nuxt/dist/server/_nuxt/page-B_YAHLL7.js                                 3.06 kB │ map:  13.93 kB
.nuxt/dist/server/_nuxt/ContextDrawer-BClgdU-_.js                        3.08 kB │ map:   7.22 kB
.nuxt/dist/server/_nuxt/MomentAuthorCard-styles-1.mjs-ML68_5dv.js        3.08 kB │ map:   5.91 kB
.nuxt/dist/server/_nuxt/tabs-styles-10.mjs-Gaclvf--.js                   3.10 kB │ map:   3.09 kB
.nuxt/dist/server/_nuxt/_id_-4-styles-1.mjs-c-dQCt9V.js                  3.13 kB │ map:  10.60 kB
.nuxt/dist/server/_nuxt/RootLayout-styles-1.mjs-BE-_zy_u.js              3.16 kB │ map:   5.71 kB
.nuxt/dist/server/_nuxt/projects-styles-1.mjs-CFIuKarz.js                3.20 kB │ map:   3.11 kB
.nuxt/dist/server/_nuxt/MomentTopicCard-styles-1.mjs-D3HF6wQY.js         3.23 kB │ map:   6.16 kB
.nuxt/dist/server/_nuxt/AuthLoginForm-DlP9eD7a.js                        3.24 kB │ map:   6.26 kB
.nuxt/dist/server/_nuxt/useSiteInfo-2iky0XiQ.js                          3.30 kB │ map:   6.62 kB
.nuxt/dist/server/_nuxt/tabs-styles-14.mjs-CADW_wSl.js                   3.33 kB │ map:  21.90 kB
.nuxt/dist/server/_nuxt/RootLayout-2-styles-4.mjs-DdDQWndG.js            3.58 kB │ map:   8.94 kB
.nuxt/dist/server/_nuxt/SidebarFooterCard-CBxS_uCB.js                    3.61 kB │ map:   8.99 kB
.nuxt/dist/server/_nuxt/MomentCommentSection-styles-1.mjs-DuxqPick.js    3.78 kB │ map:   8.94 kB
.nuxt/dist/server/_nuxt/guestbook-styles-10.mjs-fjLhuxb0.js              3.79 kB │ map:  17.11 kB
.nuxt/dist/server/_nuxt/OwnerProfileCard-Cz7eqn4A.js                     3.83 kB │ map:  10.47 kB
.nuxt/dist/server/_nuxt/usePostMetadata-CjCW92Fx.js                      3.84 kB │ map:   6.78 kB
.nuxt/dist/server/_nuxt/tabs-styles-13.mjs-D1jQxAEp.js                   3.97 kB │ map:   3.95 kB
.nuxt/dist/server/_nuxt/tabs-styles-9.mjs-Dz2XyORk.js                    4.15 kB │ map:   4.46 kB
.nuxt/dist/server/_nuxt/tabs-styles-4.mjs-DAV84_Ij.js                    4.16 kB │ map:   4.37 kB
.nuxt/dist/server/_nuxt/account-BBFumj77.js                              4.25 kB │ map:  15.17 kB
.nuxt/dist/server/_nuxt/api-D4kO7enO.js                                  4.25 kB │ map:   9.20 kB
.nuxt/dist/server/_nuxt/AppearanceEntry-DdZeDRQm.js                      4.25 kB │ map:   9.29 kB
.nuxt/dist/server/_nuxt/index-2-styles-3.mjs-uSLEJ0cT.js                 4.38 kB │ map:   5.34 kB
.nuxt/dist/server/_nuxt/CustomScrollbar-styles-1.mjs-BInEGiQN.js         4.50 kB │ map:  17.08 kB
.nuxt/dist/server/_nuxt/guestbook-styles-2.mjs-C8VrpHbE.js               4.53 kB │ map:   4.96 kB
.nuxt/dist/server/_nuxt/index-5-styles-4.mjs-tN74rQRL.js                 4.53 kB │ map:   4.70 kB
.nuxt/dist/server/_nuxt/new-2-styles-1.mjs-DBzDv6zU.js                   4.54 kB │ map:  14.54 kB
.nuxt/dist/server/_nuxt/index-5-styles-2.mjs-CwP3JHsa.js                 4.59 kB │ map:   4.64 kB
.nuxt/dist/server/_nuxt/ThemeComponent-B-ImDeDJ.js                       4.61 kB │ map:   7.89 kB
.nuxt/dist/server/_nuxt/MomentCalendarCard-styles-1.mjs-H7RCXzYt.js      4.63 kB │ map:  11.64 kB
.nuxt/dist/server/_nuxt/GuestIdentityModal-styles-1.mjs-BpzGag4u.js      4.64 kB │ map:  13.73 kB
.nuxt/dist/server/_nuxt/tabs-styles-12.mjs-BN2-Qe51.js                   4.65 kB │ map:   4.95 kB
.nuxt/dist/server/_nuxt/StatusFooter-DWK0aZPU.js                         4.76 kB │ map:  10.95 kB
.nuxt/dist/server/_nuxt/RootLayout-COKOql0v.js                           4.76 kB │ map:  12.41 kB
.nuxt/dist/server/_nuxt/SidebarNav-BUGIiFeH.js                           4.78 kB │ map:   6.52 kB
.nuxt/dist/server/_nuxt/tabs-styles-3.mjs-D-WNQ8m6.js                    5.06 kB │ map:   5.80 kB
.nuxt/dist/server/_nuxt/audit-Dh6VB9JV.js                                5.34 kB │ map:  16.58 kB
.nuxt/dist/server/_nuxt/comments-RWsnJxOp.js                             5.49 kB │ map:  46.60 kB
.nuxt/dist/server/_nuxt/default-styles-2.mjs-CH9cDaV2.js                 5.63 kB │ map:   6.16 kB
.nuxt/dist/server/_nuxt/MomentList-kx3iGL0n.js                           5.95 kB │ map:  13.52 kB
.nuxt/dist/server/_nuxt/PostCard-4-styles-1.mjs-aAr5my1-.js              6.13 kB │ map:  11.06 kB
.nuxt/dist/server/_nuxt/admin-D7MUbQgF.js                                6.68 kB │ map:  16.71 kB
.nuxt/dist/server/_nuxt/index-5-styles-5.mjs-XwD-3A9u.js                 7.26 kB │ map:  27.96 kB
.nuxt/dist/server/_nuxt/site-mR6_4vv4.js                                 7.47 kB │ map:  26.61 kB
.nuxt/dist/server/_nuxt/admin-CfQitplf.js                                7.58 kB │ map:  15.99 kB
.nuxt/dist/server/_nuxt/MomentCard-styles-1.mjs-CtQTbNAM.js              7.72 kB │ map:  15.74 kB
.nuxt/dist/server/_nuxt/_name_-CpxL45KS.js                               7.95 kB │ map:  15.14 kB
.nuxt/dist/server/_nuxt/CustomScrollbar-CcmHhVtS.js                      8.00 kB │ map:  40.98 kB
.nuxt/dist/server/_nuxt/RootLayout-3-styles-1.mjs-DSMdv4ua.js            8.13 kB │ map:  16.57 kB
.nuxt/dist/server/_nuxt/posts-DwVZ1UHn.js                                8.26 kB │ map:  40.39 kB
.nuxt/dist/server/_nuxt/flashes-D9Cv4uU0.js                              8.67 kB │ map:  27.97 kB
.nuxt/dist/server/_nuxt/PostCard-TeUXj672.js                             8.82 kB │ map:  25.38 kB
.nuxt/dist/server/_nuxt/archive-DujmbLra.js                              8.89 kB │ map:  19.73 kB
.nuxt/dist/server/_nuxt/guestbook-styles-5.mjs-BD5Fe-Ym.js               8.89 kB │ map:   9.53 kB
.nuxt/dist/server/_nuxt/error-BOBzJTxO.js                                9.03 kB │ map:  23.11 kB
.nuxt/dist/server/_nuxt/useMomentFilters-DYiSPZZz.js                     9.29 kB │ map:  29.09 kB
.nuxt/dist/server/_nuxt/FlashNoteCard-styles-1.mjs-BrqOvh3N.js           9.38 kB │ map:  23.15 kB
.nuxt/dist/server/_nuxt/maintenance-CB-H7WB0.js                          9.69 kB │ map:  38.52 kB
.nuxt/dist/server/_nuxt/GuestIdentityModal-CQdnNB6Z.js                  10.17 kB │ map:  34.03 kB
.nuxt/dist/server/_nuxt/tabs-styles-11.mjs-CVx_WomB.js                  10.49 kB │ map:  12.23 kB
.nuxt/dist/server/_nuxt/RootLayout-CMd8Bu6R.js                          11.57 kB │ map:  36.99 kB
.nuxt/dist/server/_nuxt/projects-CfMJUTj_.js                            11.89 kB │ map:  23.18 kB
.nuxt/dist/server/_nuxt/nuxt-link-Bli7R05W.js                           11.90 kB │ map:  26.01 kB
.nuxt/dist/server/_nuxt/links-BTWoH87U.js                               12.17 kB │ map:  24.78 kB
.nuxt/dist/server/_nuxt/moments-j4vaRnoC.js                             12.57 kB │ map:  29.79 kB
.nuxt/dist/server/_nuxt/head-B8E_tiRj.js                                12.79 kB │ map:  37.16 kB
.nuxt/dist/server/_nuxt/_id_-BVzJQ7ws.js                                13.33 kB │ map:  24.24 kB
.nuxt/dist/server/_nuxt/default-BJWQY8ew.js                             14.30 kB │ map:  53.98 kB
.nuxt/dist/server/_nuxt/about-CqAZqJst.js                               14.55 kB │ map:  31.03 kB
.nuxt/dist/server/_nuxt/StatusFooter-3-styles-1.mjs-Rwe9BVeI.js         14.91 kB │ map:  35.36 kB
.nuxt/dist/server/_nuxt/asyncData-BTFONfnk.js                           15.63 kB │ map:  37.46 kB
.nuxt/dist/server/_nuxt/useMomentList-B07gp8ll.js                       16.03 kB │ map:  24.85 kB
.nuxt/dist/server/_nuxt/_id_-DHHYbDM-.js                                16.30 kB │ map:  27.44 kB
.nuxt/dist/server/_nuxt/gallery-DXOeGiB9.js                             16.85 kB │ map:  31.35 kB
.nuxt/dist/server/_nuxt/NuxtImg-CP2HeHGk.js                             18.63 kB │ map:  33.19 kB
.nuxt/dist/server/_nuxt/new-BExKltp1.js                                 18.81 kB │ map:  37.27 kB
.nuxt/dist/server/_nuxt/dist-C_x6KTI0.js                                20.35 kB │ map:  39.68 kB
.nuxt/dist/server/_nuxt/PostWorkspace-CARyh4bC.js                       20.53 kB │ map:  52.65 kB
.nuxt/dist/server/_nuxt/StatusFooter-Ck5eVkL2.js                        22.27 kB │ map:  96.31 kB
.nuxt/dist/server/_nuxt/RootLayout-BlS-TQ-J.js                          22.64 kB │ map:  60.78 kB
.nuxt/dist/server/_nuxt/client-only-CYWrcPOE.js                         25.14 kB │ map:  87.12 kB
.nuxt/dist/server/_nuxt/MomentCard-DegxnIXO.js                          26.78 kB │ map:  83.74 kB
.nuxt/dist/server/_nuxt/_id_-2-styles-2.mjs-9P7Mhpm-.js                 26.86 kB │ map:   1.52 kB
.nuxt/dist/server/_nuxt/_id_-2-styles-5.mjs-DDus8AwY.js                 26.97 kB │ map:   1.68 kB
.nuxt/dist/server/_nuxt/useLayoutTheme-CECyV8Vg.js                      27.14 kB │ map:  87.62 kB
.nuxt/dist/server/_nuxt/tabs-styles-5.mjs-CZ_n2Oqn.js                   27.74 kB │ map:   2.92 kB
.nuxt/dist/server/_nuxt/entry-styles-2.mjs-DEK79sz1.js                  28.19 kB │ map:   3.89 kB
.nuxt/dist/server/_nuxt/_id_-2-styles-8.mjs-DJ8IfFhf.js                 28.46 kB │ map:   3.23 kB
.nuxt/dist/server/_nuxt/tabs-styles-7.mjs-DL6pWLxo.js                   28.77 kB │ map:   3.38 kB
.nuxt/dist/server/_nuxt/entry-styles-4.mjs-BPJnuY1A.js                  29.62 kB │ map:   4.43 kB
.nuxt/dist/server/_nuxt/mock-KdlKePQj.js                                31.29 kB │ map:  42.81 kB
.nuxt/dist/server/_nuxt/FlashEditor-styles-1.mjs-CSymMH-P.js            31.88 kB │ map:  21.99 kB
.nuxt/dist/server/_nuxt/useFlashNotes-BzmyBubr.js                       32.09 kB │ map:  85.58 kB
.nuxt/dist/server/_nuxt/pages-Cn0GZWFz.js                               37.87 kB │ map:  85.35 kB
.nuxt/dist/server/_nuxt/guestbook-BopgloeO.js                           54.41 kB │ map: 156.79 kB
.nuxt/dist/server/_nuxt/_id_-CzgNZ09v.js                                62.98 kB │ map: 133.53 kB
.nuxt/dist/server/_nuxt/flash-mXzfcaaF.js                               67.63 kB │ map: 195.23 kB
.nuxt/dist/server/server.mjs                                           118.79 kB │ map: 428.84 kB
.nuxt/dist/server/_nuxt/tabs-Co2lWYAR.js                               128.22 kB │ map: 415.80 kB
.nuxt/dist/server/_nuxt/components-BOcuf-rF.js                         128.53 kB │ map: 206.64 kB

i ✓ built in 5.42s

 WARN  [PLUGIN_TIMINGS] Plugin hooks ran for 5.2s of this 5.4s build (96%).
7 hooks are listed without a time. Their calls overlapped, so the time inside one call includes work from other calls. To find their cost, profile the build with node --cpu-prof:
  - nuxt:ssr-styles:ssr transform (800 calls)
  - vite:css transform (285 calls)
  - nuxt:ssr-styles:ssr resolveId (512 calls)
  … and 4 more
See https://rolldown.rs/reference/InputOptions.checks#plugintimings for more details.


√ Server built in 5450ms
[nitro] √ Generated public .output/public
[nitro] i Building Nuxt Nitro server (preset: node-server, compatibility date: 2025-07-07)
(node:7908) [DEP0155] DeprecationWarning: Use of deprecated trailing slash pattern mapping "./" in the "exports" field module resolution of the package at D:\Projects\TixXinBlog\node_modules\.pnpm\@nuxt+icon@2.5.1_magic-string@1.2.3_magicast@0.5.4_rolldown@1.2.7_unplugin@3.3.0_esbuild@0.28_stj2nqtnmcjryhonljmywjkbwu\node_modules\@iconify\utils\package.json imported from D:\Projects\TixXinBlog\node_modules\.pnpm\@nuxt+icon@2.5.1_magic-string@1.2.3_magicast@0.5.4_rolldown@1.2.7_unplugin@3.3.0_esbuild@0.28_stj2nqtnmcjryhonljmywjkbwu\node_modules\@nuxt\icon\dist\runtime\server\api.js. Mapping specifiers ending in "/" is no longer supported.
(Use `node --trace-deprecation ...` to show where the warning was created)
(node:7908) [DEP0155] DeprecationWarning: Use of deprecated trailing slash pattern mapping "./" in the "exports" field module resolution of the package at D:\Projects\TixXinBlog\node_modules\.pnpm\node_modules\@iconify\utils\package.json imported from D:\Projects\TixXinBlog\node_modules\.pnpm\nuxt@4.5.2_@babel+plugin-syntax-jsx@7.29.7_@babel+core@7.29.7__@babel+plugin-syntax-typescrip_dg6wl7tza5t72wysths3tkof4q\node_modules\nuxt\node_modules\. Mapping specifiers ending in "/" is no longer supported.
(node:7908) [DEP0155] DeprecationWarning: Use of deprecated trailing slash pattern mapping "./" in the "exports" field module resolution of the package at D:\Projects\TixXinBlog\node_modules\.pnpm\@nuxt+nitro-server@4.5.2_lz7wld24tggq7mhdzxfc7rzeva\node_modules\@vue\shared\package.json imported from D:\Projects\TixXinBlog\node_modules\.pnpm\@nuxt+nitro-server@4.5.2_lz7wld24tggq7mhdzxfc7rzeva\node_modules\@nuxt\nitro-server\dist\runtime\templates\error-500.mjs. Mapping specifiers ending in "/" is no longer supported.
(node:7908) [DEP0155] DeprecationWarning: Use of deprecated trailing slash pattern mapping "./" in the "exports" field module resolution of the package at D:\Projects\TixXinBlog\.codex\motion-audit\frontend\node_modules\@vueuse\core\package.json imported from D:\Projects\TixXinBlog\.codex\motion-audit\frontend\.nuxt\dist\server\server.mjs. Mapping specifiers ending in "/" is no longer supported.
(node:7908) [DEP0155] DeprecationWarning: Use of deprecated trailing slash pattern mapping "./" in the "exports" field module resolution of the package at D:\Projects\TixXinBlog\.codex\motion-audit\frontend\node_modules\markdown-it\package.json imported from D:\Projects\TixXinBlog\.codex\motion-audit\frontend\.nuxt\dist\server\_nuxt\_id_-CzgNZ09v.js. Mapping specifiers ending in "/" is no longer supported.
(node:7908) [DEP0155] DeprecationWarning: Use of deprecated trailing slash pattern mapping "./" in the "exports" field module resolution of the package at D:\Projects\TixXinBlog\.codex\motion-audit\frontend\node_modules\shiki\package.json imported from D:\Projects\TixXinBlog\.codex\motion-audit\frontend\.nuxt\dist\server\_nuxt\_id_-CzgNZ09v.js. Mapping specifiers ending in "/" is no longer supported.
(node:7908) [DEP0155] DeprecationWarning: Use of deprecated trailing slash pattern mapping "./" in the "exports" field module resolution of the package at D:\Projects\TixXinBlog\node_modules\.pnpm\@vueuse+core@14.4.0_vue@3.5.42_typescript@6.0.3_\node_modules\@vueuse\shared\package.json imported from D:\Projects\TixXinBlog\node_modules\.pnpm\@vueuse+core@14.4.0_vue@3.5.42_typescript@6.0.3_\node_modules\@vueuse\core\dist\index.js. Mapping specifiers ending in "/" is no longer supported.
(node:7908) [DEP0155] DeprecationWarning: Use of deprecated trailing slash pattern mapping "./" in the "exports" field module resolution of the package at D:\Projects\TixXinBlog\node_modules\.pnpm\@vueuse+integrations@14.4.0_change-case@5.4.4_fuse.js@7.5.0_sortablejs@1.15.7_vue@3.5.42_typescript@6.0.3_\node_modules\@vueuse\core\package.json imported from D:\Projects\TixXinBlog\node_modules\.pnpm\@vueuse+integrations@14.4.0_change-case@5.4.4_fuse.js@7.5.0_sortablejs@1.15.7_vue@3.5.42_typescript@6.0.3_\node_modules\@vueuse\integrations\dist\useSortable.js. Mapping specifiers ending in "/" is no longer supported.
[nitro] √ Nuxt Nitro server built
  ├─ .output/server/chunks/_/articlePath.mjs (176 B) (156 B gzip)
  ├─ .output/server/chunks/_/articlePath.mjs.map (245 B) (179 B gzip)
  ├─ .output/server/chunks/_/error-500.mjs (5.05 kB) (2.07 kB gzip)
  ├─ .output/server/chunks/_/error-500.mjs.map (262 B) (196 B gzip)
  ├─ .output/server/chunks/_/icons.mjs (577 kB) (87.7 kB gzip)
  ├─ .output/server/chunks/_/icons.mjs.map (6.41 kB) (102 B gzip)
  ├─ .output/server/chunks/_/mock.mjs (21 kB) (5.6 kB gzip)
  ├─ .output/server/chunks/_/mock.mjs.map (10.5 kB) (1.34 kB gzip)
  ├─ .output/server/chunks/_/nitro.mjs (682 kB) (145 kB gzip)
  ├─ .output/server/chunks/_/nitro.mjs.map (14 kB) (2.03 kB gzip)
  ├─ .output/server/chunks/build/_id_-2-styles-1.mjs-Bg-yyuWj.mjs (491 B) (300 B gzip)
  ├─ .output/server/chunks/build/_id_-2-styles-1.mjs-Bg-yyuWj.mjs.map (95 B) (105 B gzip)
  ├─ .output/server/chunks/build/_id_-2-styles-2.mjs-9P7Mhpm-.mjs (26.6 kB) (6.53 kB gzip)
  ├─ .output/server/chunks/build/_id_-2-styles-2.mjs-9P7Mhpm-.mjs.map (95 B) (106 B gzip)
  ├─ .output/server/chunks/build/_id_-2-styles-3.mjs-BRRO222U.mjs (786 B) (400 B gzip)
  ├─ .output/server/chunks/build/_id_-2-styles-3.mjs-BRRO222U.mjs.map (95 B) (106 B gzip)
  ├─ .output/server/chunks/build/_id_-2-styles-4.mjs-BovszYb6.mjs (1.89 kB) (678 B gzip)
  ├─ .output/server/chunks/build/_id_-2-styles-4.mjs-BovszYb6.mjs.map (95 B) (106 B gzip)
  ├─ .output/server/chunks/build/_id_-2-styles-5.mjs-DDus8AwY.mjs (26.7 kB) (6.47 kB gzip)
  ├─ .output/server/chunks/build/_id_-2-styles-5.mjs-DDus8AwY.mjs.map (95 B) (106 B gzip)
  ├─ .output/server/chunks/build/_id_-2-styles-6.mjs-Do9nvP8C.mjs (1.74 kB) (671 B gzip)
  ├─ .output/server/chunks/build/_id_-2-styles-6.mjs-Do9nvP8C.mjs.map (95 B) (106 B gzip)
  ├─ .output/server/chunks/build/_id_-2-styles-7.mjs-Dt74hvCH.mjs (2.1 kB) (738 B gzip)
  ├─ .output/server/chunks/build/_id_-2-styles-7.mjs-Dt74hvCH.mjs.map (95 B) (106 B gzip)
  ├─ .output/server/chunks/build/_id_-2-styles-8.mjs-DJ8IfFhf.mjs (28.2 kB) (6.89 kB gzip)
  ├─ .output/server/chunks/build/_id_-2-styles-8.mjs-DJ8IfFhf.mjs.map (95 B) (106 B gzip)
  ├─ .output/server/chunks/build/_id_-BVzJQ7ws.mjs (16.2 kB) (3.59 kB gzip)
  ├─ .output/server/chunks/build/_id_-BVzJQ7ws.mjs.map (9.23 kB) (2.12 kB gzip)
  ├─ .output/server/chunks/build/_id_-CzgNZ09v.mjs (66.9 kB) (13.8 kB gzip)
  ├─ .output/server/chunks/build/_id_-CzgNZ09v.mjs.map (43.9 kB) (9.17 kB gzip)
  ├─ .output/server/chunks/build/_id_-DHHYbDM-.mjs (19.8 kB) (4.08 kB gzip)
  ├─ .output/server/chunks/build/_id_-DHHYbDM-.mjs.map (11.4 kB) (2.54 kB gzip)
  ├─ .output/server/chunks/build/_id_-styles-2.BDv0YQ-A.mjs (2.61 kB) (892 B gzip)
  ├─ .output/server/chunks/build/_id_-styles-2.BDv0YQ-A.mjs.map (190 B) (153 B gzip)
  ├─ .output/server/chunks/build/_id_-styles-3.B0cZUIm6.mjs (3.08 kB) (957 B gzip)
  ├─ .output/server/chunks/build/_id_-styles-3.B0cZUIm6.mjs.map (190 B) (155 B gzip)
  ├─ .output/server/chunks/build/_id_-styles.DXuySTnl.mjs (8.69 kB) (1.97 kB gzip)
  ├─ .output/server/chunks/build/_id_-styles.DXuySTnl.mjs.map (500 B) (220 B gzip)
  ├─ .output/server/chunks/build/_id_-wYQcq_oq.mjs (1.99 kB) (827 B gzip)
  ├─ .output/server/chunks/build/_id_-wYQcq_oq.mjs.map (420 B) (239 B gzip)
  ├─ .output/server/chunks/build/_name_-CpxL45KS.mjs (9.7 kB) (2.5 kB gzip)
  ├─ .output/server/chunks/build/_name_-CpxL45KS.mjs.map (5.12 kB) (1.32 kB gzip)
  ├─ .output/server/chunks/build/_name_-styles.DtpTn1mo.mjs (2.12 kB) (747 B gzip)
  ├─ .output/server/chunks/build/_name_-styles.DtpTn1mo.mjs.map (190 B) (151 B gzip)
  ├─ .output/server/chunks/build/about-CqAZqJst.mjs (16 kB) (4.03 kB gzip)
  ├─ .output/server/chunks/build/about-CqAZqJst.mjs.map (5.8 kB) (1.38 kB gzip)
  ├─ .output/server/chunks/build/about-styles-1.mjs-CA4fmwj0.mjs (1.42 kB) (575 B gzip)
  ├─ .output/server/chunks/build/about-styles-1.mjs-CA4fmwj0.mjs.map (94 B) (104 B gzip)
  ├─ .output/server/chunks/build/about-styles-2.mjs-CqfEahxm.mjs (1.13 kB) (492 B gzip)
  ├─ .output/server/chunks/build/about-styles-2.mjs-CqfEahxm.mjs.map (94 B) (103 B gzip)
  ├─ .output/server/chunks/build/about-styles-3.mjs-BpzltnSt.mjs (1.48 kB) (566 B gzip)
  ├─ .output/server/chunks/build/about-styles-3.mjs-BpzltnSt.mjs.map (94 B) (103 B gzip)
  ├─ .output/server/chunks/build/about-styles-4.mjs-2TQtI96C.mjs (1.45 kB) (589 B gzip)
  ├─ .output/server/chunks/build/about-styles-4.mjs-2TQtI96C.mjs.map (94 B) (105 B gzip)
  ├─ .output/server/chunks/build/about-styles.B8APZlbM.mjs (3.15 kB) (878 B gzip)
  ├─ .output/server/chunks/build/about-styles.B8APZlbM.mjs.map (359 B) (193 B gzip)
  ├─ .output/server/chunks/build/AboutHero-styles.vJpHaZw5.mjs (359 B) (219 B gzip)
  ├─ .output/server/chunks/build/AboutHero-styles.vJpHaZw5.mjs.map (196 B) (155 B gzip)
  ├─ .output/server/chunks/build/account-BBFumj77.mjs (4.96 kB) (1.75 kB gzip)
  ├─ .output/server/chunks/build/account-BBFumj77.mjs.map (3.04 kB) (845 B gzip)
  ├─ .output/server/chunks/build/account-styles.CZWcsuT7.mjs (1.78 kB) (615 B gzip)
  ├─ .output/server/chunks/build/account-styles.CZWcsuT7.mjs.map (221 B) (170 B gzip)
  ├─ .output/server/chunks/build/admin-CfQitplf.mjs (8.96 kB) (2.58 kB gzip)
  ├─ .output/server/chunks/build/admin-CfQitplf.mjs.map (4.95 kB) (1.19 kB gzip)
  ├─ .output/server/chunks/build/admin-D7MUbQgF.mjs (7.83 kB) (2.33 kB gzip)
  ├─ .output/server/chunks/build/admin-D7MUbQgF.mjs.map (4.37 kB) (1.11 kB gzip)
  ├─ .output/server/chunks/build/admin-styles.Cj3TFDxy.mjs (2.57 kB) (829 B gzip)
  ├─ .output/server/chunks/build/admin-styles.Cj3TFDxy.mjs.map (188 B) (153 B gzip)
  ├─ .output/server/chunks/build/api-D4kO7enO.mjs (3.86 kB) (1.03 kB gzip)
  ├─ .output/server/chunks/build/api-D4kO7enO.mjs.map (4.29 kB) (1.04 kB gzip)
  ├─ .output/server/chunks/build/AppearanceDrawer-styles.btzYSUqU.mjs (396 B) (226 B gzip)
  ├─ .output/server/chunks/build/AppearanceDrawer-styles.btzYSUqU.mjs.map (210 B) (162 B gzip)
  ├─ .output/server/chunks/build/AppearanceEntry-DdZeDRQm.mjs (4.04 kB) (1.23 kB gzip)
  ├─ .output/server/chunks/build/AppearanceEntry-DdZeDRQm.mjs.map (1.34 kB) (517 B gzip)
  ├─ .output/server/chunks/build/AppearanceEntry-styles.jrpnO_AS.mjs (1.28 kB) (504 B gzip)
  ├─ .output/server/chunks/build/AppearanceEntry-styles.jrpnO_AS.mjs.map (208 B) (157 B gzip)
  ├─ .output/server/chunks/build/AppLoadingScreen-styles.DbiSqnLH.mjs (394 B) (226 B gzip)
  ├─ .output/server/chunks/build/AppLoadingScreen-styles.DbiSqnLH.mjs.map (210 B) (161 B gzip)
  ├─ .output/server/chunks/build/AppLoadingTopBar-styles.DC1jUc3j.mjs (394 B) (226 B gzip)
  ├─ .output/server/chunks/build/AppLoadingTopBar-styles.DC1jUc3j.mjs.map (210 B) (161 B gzip)
  ├─ .output/server/chunks/build/archive-DujmbLra.mjs (9.61 kB) (2.68 kB gzip)
  ├─ .output/server/chunks/build/archive-DujmbLra.mjs.map (3.19 kB) (973 B gzip)
  ├─ .output/server/chunks/build/archive-styles-1.mjs-CCHC5tZh.mjs (2.38 kB) (738 B gzip)
  ├─ .output/server/chunks/build/archive-styles-1.mjs-CCHC5tZh.mjs.map (96 B) (106 B gzip)
  ├─ .output/server/chunks/build/archive-styles-2.mjs-DLOBG31u.mjs (1.49 kB) (550 B gzip)
  ├─ .output/server/chunks/build/archive-styles-2.mjs-DLOBG31u.mjs.map (96 B) (107 B gzip)
  ├─ .output/server/chunks/build/archive-styles.Bpy5T4-n.mjs (2.56 kB) (758 B gzip)
  ├─ .output/server/chunks/build/archive-styles.Bpy5T4-n.mjs.map (278 B) (184 B gzip)
  ├─ .output/server/chunks/build/ArchiveItem-styles.BhBTNSsE.mjs (371 B) (225 B gzip)
  ├─ .output/server/chunks/build/ArchiveItem-styles.BhBTNSsE.mjs.map (200 B) (157 B gzip)
  ├─ .output/server/chunks/build/ArchiveTimeline-styles.B5JwKFwH.mjs (391 B) (226 B gzip)
  ├─ .output/server/chunks/build/ArchiveTimeline-styles.B5JwKFwH.mjs.map (208 B) (161 B gzip)
  ├─ .output/server/chunks/build/ArticleContent-styles.Boq-QNS3.mjs (383 B) (229 B gzip)
  ├─ .output/server/chunks/build/ArticleContent-styles.Boq-QNS3.mjs.map (206 B) (159 B gzip)
  ├─ .output/server/chunks/build/ArticleNav-styles.j8xixnc5.mjs (365 B) (223 B gzip)
  ├─ .output/server/chunks/build/ArticleNav-styles.j8xixnc5.mjs.map (198 B) (156 B gzip)
  ├─ .output/server/chunks/build/articlePath-DcJXogVE.mjs (185 B) (165 B gzip)
  ├─ .output/server/chunks/build/articlePath-DcJXogVE.mjs.map (255 B) (189 B gzip)
  ├─ .output/server/chunks/build/audit-Dh6VB9JV.mjs (5.71 kB) (2.12 kB gzip)
  ├─ .output/server/chunks/build/audit-Dh6VB9JV.mjs.map (4.42 kB) (1.19 kB gzip)
  ├─ .output/server/chunks/build/audit-styles.C8QjugFF.mjs (1.52 kB) (594 B gzip)
  ├─ .output/server/chunks/build/audit-styles.C8QjugFF.mjs.map (217 B) (167 B gzip)
  ├─ .output/server/chunks/build/AuthForgotForm-styles.DwGC7u4A.mjs (384 B) (225 B gzip)
  ├─ .output/server/chunks/build/AuthForgotForm-styles.DwGC7u4A.mjs.map (206 B) (158 B gzip)
  ├─ .output/server/chunks/build/AuthLoginForm-DlP9eD7a.mjs (3.11 kB) (1.16 kB gzip)
  ├─ .output/server/chunks/build/AuthLoginForm-DlP9eD7a.mjs.map (1.11 kB) (381 B gzip)
  ├─ .output/server/chunks/build/AuthLoginForm-styles.db7RkSq0.mjs (491 B) (287 B gzip)
  ├─ .output/server/chunks/build/AuthLoginForm-styles.db7RkSq0.mjs.map (204 B) (160 B gzip)
  ├─ .output/server/chunks/build/AuthPanel-styles.YFp3gDAD.mjs (492 B) (236 B gzip)
  ├─ .output/server/chunks/build/AuthPanel-styles.YFp3gDAD.mjs.map (223 B) (170 B gzip)
  ├─ .output/server/chunks/build/AuthRegisterForm-styles.BdO6LaiK.mjs (394 B) (226 B gzip)
  ├─ .output/server/chunks/build/AuthRegisterForm-styles.BdO6LaiK.mjs.map (210 B) (162 B gzip)
  ├─ .output/server/chunks/build/CategoryCard-styles.BCIs5xBj.mjs (376 B) (221 B gzip)
  ├─ .output/server/chunks/build/CategoryCard-styles.BCIs5xBj.mjs.map (202 B) (156 B gzip)
  ├─ .output/server/chunks/build/CodeBlock-styles.DlsJRwzl.mjs (360 B) (223 B gzip)
  ├─ .output/server/chunks/build/CodeBlock-styles.DlsJRwzl.mjs.map (196 B) (156 B gzip)
  ├─ .output/server/chunks/build/CommentBubble-styles.DbHdpujR.mjs (380 B) (223 B gzip)
  ├─ .output/server/chunks/build/CommentBubble-styles.DbHdpujR.mjs.map (204 B) (158 B gzip)
  ├─ .output/server/chunks/build/comments-RWsnJxOp.mjs (6.06 kB) (2.14 kB gzip)
  ├─ .output/server/chunks/build/comments-RWsnJxOp.mjs.map (4.85 kB) (1.26 kB gzip)
  ├─ .output/server/chunks/build/comments-styles.WDt4uHFt.mjs (1.12 kB) (451 B gzip)
  ├─ .output/server/chunks/build/comments-styles.WDt4uHFt.mjs.map (194 B) (154 B gzip)
  ├─ .output/server/chunks/build/CommentSection-styles.C2_UlllV.mjs (385 B) (223 B gzip)
  ├─ .output/server/chunks/build/CommentSection-styles.C2_UlllV.mjs.map (206 B) (158 B gzip)
  ├─ .output/server/chunks/build/ContactCards-styles.J5Sal_Ay.mjs (374 B) (222 B gzip)
  ├─ .output/server/chunks/build/ContactCards-styles.J5Sal_Ay.mjs.map (202 B) (157 B gzip)
  ├─ .output/server/chunks/build/ContentImage-Cymazuah.mjs (1.6 kB) (668 B gzip)
  ├─ .output/server/chunks/build/ContentImage-Cymazuah.mjs.map (575 B) (258 B gzip)
  ├─ .output/server/chunks/build/ContextDrawer-BClgdU-_.mjs (2.98 kB) (1.08 kB gzip)
  ├─ .output/server/chunks/build/ContextDrawer-BClgdU-_.mjs.map (982 B) (416 B gzip)
  ├─ .output/server/chunks/build/ContextDrawer-styles.E-njTvcF.mjs (1.65 kB) (675 B gzip)
  ├─ .output/server/chunks/build/ContextDrawer-styles.E-njTvcF.mjs.map (204 B) (157 B gzip)
  ├─ .output/server/chunks/build/CustomScrollbar-CcmHhVtS.mjs (7.57 kB) (2.4 kB gzip)
  ├─ .output/server/chunks/build/CustomScrollbar-CcmHhVtS.mjs.map (4.49 kB) (1.35 kB gzip)
  ├─ .output/server/chunks/build/CustomScrollbar-styles.Dm44340b.mjs (4.45 kB) (1.25 kB gzip)
  ├─ .output/server/chunks/build/CustomScrollbar-styles.Dm44340b.mjs.map (208 B) (159 B gzip)
  ├─ .output/server/chunks/build/DailyQuoteCard-Dlvut9E_.mjs (2.82 kB) (1.05 kB gzip)
  ├─ .output/server/chunks/build/DailyQuoteCard-Dlvut9E_.mjs.map (664 B) (313 B gzip)
  ├─ .output/server/chunks/build/DailyQuoteCard-styles.BrVX0Y4V.mjs (1.14 kB) (530 B gzip)
  ├─ .output/server/chunks/build/DailyQuoteCard-styles.BrVX0Y4V.mjs.map (206 B) (160 B gzip)
  ├─ .output/server/chunks/build/default-BJWQY8ew.mjs (14.7 kB) (3.42 kB gzip)
  ├─ .output/server/chunks/build/default-BJWQY8ew.mjs.map (6.26 kB) (1.63 kB gzip)
  ├─ .output/server/chunks/build/default-styles-1.mjs-BfS9ugbi.mjs (628 B) (364 B gzip)
  ├─ .output/server/chunks/build/default-styles-1.mjs-BfS9ugbi.mjs.map (96 B) (106 B gzip)
  ├─ .output/server/chunks/build/default-styles-2.mjs-CH9cDaV2.mjs (5.5 kB) (1.55 kB gzip)
  ├─ .output/server/chunks/build/default-styles-2.mjs-CH9cDaV2.mjs.map (96 B) (106 B gzip)
  ├─ .output/server/chunks/build/default-styles-3.mjs-B6pwxwU5.mjs (1.01 kB) (480 B gzip)
  ├─ .output/server/chunks/build/default-styles-3.mjs-B6pwxwU5.mjs.map (96 B) (106 B gzip)
  ├─ .output/server/chunks/build/default-styles.C4aGBkGI.mjs (821 B) (308 B gzip)
  ├─ .output/server/chunks/build/default-styles.C4aGBkGI.mjs.map (248 B) (178 B gzip)
  ├─ .output/server/chunks/build/dist-C_x6KTI0.mjs (21.2 kB) (5.42 kB gzip)
  ├─ .output/server/chunks/build/dist-C_x6KTI0.mjs.map (201 B) (162 B gzip)
  ├─ .output/server/chunks/build/EmptyState-styles.D2BjQnYf.mjs (368 B) (227 B gzip)
  ├─ .output/server/chunks/build/EmptyState-styles.D2BjQnYf.mjs.map (198 B) (156 B gzip)
  ├─ .output/server/chunks/build/entry-styles-1.mjs-DuOPz5X1.mjs (973 B) (455 B gzip)
  ├─ .output/server/chunks/build/entry-styles-1.mjs-DuOPz5X1.mjs.map (94 B) (104 B gzip)
  ├─ .output/server/chunks/build/entry-styles-10.mjs-ah-cNHuN.mjs (1.43 kB) (572 B gzip)
  ├─ .output/server/chunks/build/entry-styles-10.mjs-ah-cNHuN.mjs.map (95 B) (106 B gzip)
  ├─ .output/server/chunks/build/entry-styles-11.mjs-Cfyla3tZ.mjs (784 B) (424 B gzip)
  ├─ .output/server/chunks/build/entry-styles-11.mjs-Cfyla3tZ.mjs.map (95 B) (103 B gzip)
  ├─ .output/server/chunks/build/entry-styles-2.mjs-DEK79sz1.mjs (27.9 kB) (6.95 kB gzip)
  ├─ .output/server/chunks/build/entry-styles-2.mjs-DEK79sz1.mjs.map (94 B) (105 B gzip)
  ├─ .output/server/chunks/build/entry-styles-5.mjs-DvaZp4eL.mjs (323 B) (222 B gzip)
  ├─ .output/server/chunks/build/entry-styles-5.mjs-DvaZp4eL.mjs.map (94 B) (104 B gzip)
  ├─ .output/server/chunks/build/entry-styles-6.mjs-C49On9qs.mjs (319 B) (221 B gzip)
  ├─ .output/server/chunks/build/entry-styles-6.mjs-C49On9qs.mjs.map (94 B) (105 B gzip)
  ├─ .output/server/chunks/build/entry-styles-8.mjs-CJijWgFg.mjs (3.69 kB) (1.08 kB gzip)
  ├─ .output/server/chunks/build/entry-styles-8.mjs-CJijWgFg.mjs.map (96 B) (107 B gzip)
  ├─ .output/server/chunks/build/entry-styles.BnHJjQX0.mjs (33.7 kB) (8.06 kB gzip)
  ├─ .output/server/chunks/build/entry-styles.BnHJjQX0.mjs.map (471 B) (213 B gzip)
  ├─ .output/server/chunks/build/error-styles.O3W2wQiP.mjs (340 B) (217 B gzip)
  ├─ .output/server/chunks/build/error-styles.O3W2wQiP.mjs.map (188 B) (154 B gzip)
  ├─ .output/server/chunks/build/ExperienceTimeline-styles.bw6xWi8W.mjs (404 B) (223 B gzip)
  ├─ .output/server/chunks/build/ExperienceTimeline-styles.bw6xWi8W.mjs.map (214 B) (162 B gzip)
  ├─ .output/server/chunks/build/flash-mXzfcaaF.mjs (76.1 kB) (16.2 kB gzip)
  ├─ .output/server/chunks/build/flash-mXzfcaaF.mjs.map (51.4 kB) (10.3 kB gzip)
  ├─ .output/server/chunks/build/FlashAISearchModal-styles.6mxzrQjQ.mjs (406 B) (229 B gzip)
  ├─ .output/server/chunks/build/FlashAISearchModal-styles.6mxzrQjQ.mjs.map (214 B) (165 B gzip)
  ├─ .output/server/chunks/build/FlashEditor-styles.DlJqcWIn.mjs (31.7 kB) (7.61 kB gzip)
  ├─ .output/server/chunks/build/FlashEditor-styles.DlJqcWIn.mjs.map (200 B) (158 B gzip)
  ├─ .output/server/chunks/build/flashes-D9Cv4uU0.mjs (10 kB) (3.07 kB gzip)
  ├─ .output/server/chunks/build/flashes-D9Cv4uU0.mjs.map (8.37 kB) (1.88 kB gzip)
  ├─ .output/server/chunks/build/flashes-styles.B18Yxcm_.mjs (1.99 kB) (691 B gzip)
  ├─ .output/server/chunks/build/flashes-styles.B18Yxcm_.mjs.map (192 B) (154 B gzip)
  ├─ .output/server/chunks/build/FlashImageGrid-styles.tK0s9htW.mjs (1.07 kB) (475 B gzip)
  ├─ .output/server/chunks/build/FlashImageGrid-styles.tK0s9htW.mjs.map (206 B) (160 B gzip)
  ├─ .output/server/chunks/build/FlashNoteCard-styles.Av4bJ9C6.mjs (9.33 kB) (2.15 kB gzip)
  ├─ .output/server/chunks/build/FlashNoteCard-styles.Av4bJ9C6.mjs.map (204 B) (160 B gzip)
  ├─ .output/server/chunks/build/FlashNoteList-styles.D8BFVn-B.mjs (379 B) (226 B gzip)
  ├─ .output/server/chunks/build/FlashNoteList-styles.D8BFVn-B.mjs.map (204 B) (159 B gzip)
  ├─ .output/server/chunks/build/gallery-DXOeGiB9.mjs (18.7 kB) (4.7 kB gzip)
  ├─ .output/server/chunks/build/gallery-DXOeGiB9.mjs.map (8.43 kB) (1.78 kB gzip)
  ├─ .output/server/chunks/build/gallery-styles-1.mjs-D5iSjQJe.mjs (923 B) (436 B gzip)
  ├─ .output/server/chunks/build/gallery-styles-1.mjs-D5iSjQJe.mjs.map (96 B) (107 B gzip)
  ├─ .output/server/chunks/build/gallery-styles-2.mjs-BZdCp-uD.mjs (1.3 kB) (567 B gzip)
  ├─ .output/server/chunks/build/gallery-styles-2.mjs-BZdCp-uD.mjs.map (96 B) (105 B gzip)
  ├─ .output/server/chunks/build/gallery-styles-3.mjs-CmD8bK9D.mjs (446 B) (250 B gzip)
  ├─ .output/server/chunks/build/gallery-styles-3.mjs-CmD8bK9D.mjs.map (96 B) (106 B gzip)
  ├─ .output/server/chunks/build/gallery-styles-4.mjs-CPdsfN5v.mjs (1.34 kB) (613 B gzip)
  ├─ .output/server/chunks/build/gallery-styles-4.mjs-CPdsfN5v.mjs.map (96 B) (105 B gzip)
  ├─ .output/server/chunks/build/gallery-styles.1K1_txjr.mjs (3.54 kB) (912 B gzip)
  ├─ .output/server/chunks/build/gallery-styles.1K1_txjr.mjs.map (363 B) (195 B gzip)
  ├─ .output/server/chunks/build/GalleryFilter-styles.DHN9aHx1.mjs (381 B) (223 B gzip)
  ├─ .output/server/chunks/build/GalleryFilter-styles.DHN9aHx1.mjs.map (204 B) (159 B gzip)
  ├─ .output/server/chunks/build/GalleryGrid-styles.DYAU12xv.mjs (371 B) (224 B gzip)
  ├─ .output/server/chunks/build/GalleryGrid-styles.DYAU12xv.mjs.map (200 B) (158 B gzip)
  ├─ .output/server/chunks/build/GalleryItem-styles.wv_1NEs4.mjs (371 B) (222 B gzip)
  ├─ .output/server/chunks/build/GalleryItem-styles.wv_1NEs4.mjs.map (200 B) (157 B gzip)
  ├─ .output/server/chunks/build/guestbook-BopgloeO.mjs (64 kB) (12.8 kB gzip)
  ├─ .output/server/chunks/build/guestbook-BopgloeO.mjs.map (34.3 kB) (5.68 kB gzip)
  ├─ .output/server/chunks/build/guestbook-styles-1.mjs-CvtldTgg.mjs (1.6 kB) (646 B gzip)
  ├─ .output/server/chunks/build/guestbook-styles-1.mjs-CvtldTgg.mjs.map (98 B) (107 B gzip)
  ├─ .output/server/chunks/build/guestbook-styles-2.mjs-C8VrpHbE.mjs (4.4 kB) (1.16 kB gzip)
  ├─ .output/server/chunks/build/guestbook-styles-2.mjs-C8VrpHbE.mjs.map (98 B) (108 B gzip)
  ├─ .output/server/chunks/build/guestbook-styles-3.mjs-CaMoEYRd.mjs (1.41 kB) (551 B gzip)
  ├─ .output/server/chunks/build/guestbook-styles-3.mjs-CaMoEYRd.mjs.map (98 B) (107 B gzip)
  ├─ .output/server/chunks/build/guestbook-styles-4.mjs-DV6LDNHR.mjs (2.05 kB) (798 B gzip)
  ├─ .output/server/chunks/build/guestbook-styles-4.mjs-DV6LDNHR.mjs.map (98 B) (109 B gzip)
  ├─ .output/server/chunks/build/guestbook-styles-5.mjs-BD5Fe-Ym.mjs (8.76 kB) (1.88 kB gzip)
  ├─ .output/server/chunks/build/guestbook-styles-5.mjs-BD5Fe-Ym.mjs.map (98 B) (108 B gzip)
  ├─ .output/server/chunks/build/guestbook-styles-6.mjs-CARezUIJ.mjs (805 B) (413 B gzip)
  ├─ .output/server/chunks/build/guestbook-styles-6.mjs-CARezUIJ.mjs.map (98 B) (109 B gzip)
  ├─ .output/server/chunks/build/guestbook-styles.B2nA6ozO.mjs (9.81 kB) (2.26 kB gzip)
  ├─ .output/server/chunks/build/guestbook-styles.B2nA6ozO.mjs.map (452 B) (210 B gzip)
  ├─ .output/server/chunks/build/GuestIdentityModal-CQdnNB6Z.mjs (10.3 kB) (2.85 kB gzip)
  ├─ .output/server/chunks/build/GuestIdentityModal-CQdnNB6Z.mjs.map (5.08 kB) (1.44 kB gzip)
  ├─ .output/server/chunks/build/GuestIdentityModal-styles.rtwaq9AK.mjs (4.6 kB) (1.21 kB gzip)
  ├─ .output/server/chunks/build/GuestIdentityModal-styles.rtwaq9AK.mjs.map (214 B) (162 B gzip)
  ├─ .output/server/chunks/build/HeatmapGrid-styles.CIuefnPn.mjs (513 B) (241 B gzip)
  ├─ .output/server/chunks/build/HeatmapGrid-styles.CIuefnPn.mjs.map (227 B) (170 B gzip)
  ├─ .output/server/chunks/build/index-2-styles-1.mjs-DaLzjXmg.mjs (1.75 kB) (647 B gzip)
  ├─ .output/server/chunks/build/index-2-styles-1.mjs-DaLzjXmg.mjs.map (96 B) (107 B gzip)
  ├─ .output/server/chunks/build/index-2-styles-2.mjs-cmtjoc9e.mjs (1.98 kB) (668 B gzip)
  ├─ .output/server/chunks/build/index-2-styles-2.mjs-cmtjoc9e.mjs.map (96 B) (103 B gzip)
  ├─ .output/server/chunks/build/index-2-styles-3.mjs-uSLEJ0cT.mjs (4.26 kB) (1.22 kB gzip)
  ├─ .output/server/chunks/build/index-2-styles-3.mjs-uSLEJ0cT.mjs.map (96 B) (107 B gzip)
  ├─ .output/server/chunks/build/index-5-styles-1.mjs-CO0SjOBu.mjs (1.08 kB) (484 B gzip)
  ├─ .output/server/chunks/build/index-5-styles-1.mjs-CO0SjOBu.mjs.map (96 B) (107 B gzip)
  ├─ .output/server/chunks/build/index-5-styles-4.mjs-tN74rQRL.mjs (4.4 kB) (1.21 kB gzip)
  ├─ .output/server/chunks/build/index-5-styles-4.mjs-tN74rQRL.mjs.map (96 B) (107 B gzip)
  ├─ .output/server/chunks/build/index-styles-2.33hsYi-t.mjs (3.65 kB) (1.06 kB gzip)
  ├─ .output/server/chunks/build/index-styles-2.33hsYi-t.mjs.map (306 B) (186 B gzip)
  ├─ .output/server/chunks/build/index-styles-3.DXApul_D.mjs (4.73 kB) (1.32 kB gzip)
  ├─ .output/server/chunks/build/index-styles-3.DXApul_D.mjs.map (250 B) (179 B gzip)
  ├─ .output/server/chunks/build/index-styles-4.D2p-SPhd.mjs (3.04 kB) (934 B gzip)
  ├─ .output/server/chunks/build/index-styles-4.D2p-SPhd.mjs.map (221 B) (170 B gzip)
  ├─ .output/server/chunks/build/index-styles-5.BddE-wV-.mjs (13.7 kB) (2.67 kB gzip)
  ├─ .output/server/chunks/build/index-styles-5.BddE-wV-.mjs.map (307 B) (189 B gzip)
  ├─ .output/server/chunks/build/index-styles.DWDaJWZ5.mjs (1.77 kB) (636 B gzip)
  ├─ .output/server/chunks/build/index-styles.DWDaJWZ5.mjs.map (188 B) (154 B gzip)
  ├─ .output/server/chunks/build/LightBox-styles.DUmBtxZQ.mjs (356 B) (220 B gzip)
  ├─ .output/server/chunks/build/LightBox-styles.DUmBtxZQ.mjs.map (194 B) (157 B gzip)
  ├─ .output/server/chunks/build/LinkCard-styles.NouFPuyE.mjs (354 B) (219 B gzip)
  ├─ .output/server/chunks/build/LinkCard-styles.NouFPuyE.mjs.map (194 B) (154 B gzip)
  ├─ .output/server/chunks/build/LinkForm-styles.B4CQ-TaC.mjs (352 B) (221 B gzip)
  ├─ .output/server/chunks/build/LinkForm-styles.B4CQ-TaC.mjs.map (194 B) (157 B gzip)
  ├─ .output/server/chunks/build/LinkGrid-styles.CYMoA3Uv.mjs (354 B) (218 B gzip)
  ├─ .output/server/chunks/build/LinkGrid-styles.CYMoA3Uv.mjs.map (194 B) (156 B gzip)
  ├─ .output/server/chunks/build/links-BTWoH87U.mjs (13.2 kB) (3.56 kB gzip)
  ├─ .output/server/chunks/build/links-BTWoH87U.mjs.map (4.42 kB) (1.1 kB gzip)
  ├─ .output/server/chunks/build/links-styles-1.mjs-C8mwYcMV.mjs (1.21 kB) (560 B gzip)
  ├─ .output/server/chunks/build/links-styles-1.mjs-C8mwYcMV.mjs.map (94 B) (105 B gzip)
  ├─ .output/server/chunks/build/links-styles-2.mjs-Ck3UvINo.mjs (519 B) (278 B gzip)
  ├─ .output/server/chunks/build/links-styles-2.mjs-Ck3UvINo.mjs.map (94 B) (105 B gzip)
  ├─ .output/server/chunks/build/links-styles-3.mjs-Bpy6IWq8.mjs (1.03 kB) (461 B gzip)
  ├─ .output/server/chunks/build/links-styles-3.mjs-Bpy6IWq8.mjs.map (94 B) (105 B gzip)
  ├─ .output/server/chunks/build/links-styles.B9nVVGsw.mjs (2.81 kB) (833 B gzip)
  ├─ .output/server/chunks/build/links-styles.B9nVVGsw.mjs.map (331 B) (188 B gzip)
  ├─ .output/server/chunks/build/login-D5ks8897.mjs (3.02 kB) (1.27 kB gzip)
  ├─ .output/server/chunks/build/login-D5ks8897.mjs.map (947 B) (403 B gzip)
  ├─ .output/server/chunks/build/login-styles.CcATTk6_.mjs (487 B) (291 B gzip)
  ├─ .output/server/chunks/build/login-styles.CcATTk6_.mjs.map (188 B) (153 B gzip)
  ├─ .output/server/chunks/build/maintenance-CB-H7WB0.mjs (10.8 kB) (3.22 kB gzip)
  ├─ .output/server/chunks/build/maintenance-CB-H7WB0.mjs.map (5.06 kB) (984 B gzip)
  ├─ .output/server/chunks/build/maintenance-styles.BKAFjP0T.mjs (1.3 kB) (531 B gzip)
  ├─ .output/server/chunks/build/maintenance-styles.BKAFjP0T.mjs.map (200 B) (157 B gzip)
  ├─ .output/server/chunks/build/Markdown-styles.BRiWWKtE.mjs (1.79 kB) (561 B gzip)
  ├─ .output/server/chunks/build/Markdown-styles.BRiWWKtE.mjs.map (194 B) (157 B gzip)
  ├─ .output/server/chunks/build/media-CzIeIVVJ.mjs (2.09 kB) (919 B gzip)
  ├─ .output/server/chunks/build/media-CzIeIVVJ.mjs.map (259 B) (180 B gzip)
  ├─ .output/server/chunks/build/media-styles.DPXXpCWb.mjs (402 B) (254 B gzip)
  ├─ .output/server/chunks/build/media-styles.DPXXpCWb.mjs.map (188 B) (153 B gzip)
  ├─ .output/server/chunks/build/MediaLibrary-styles.tO_mIldk.mjs (1.94 kB) (708 B gzip)
  ├─ .output/server/chunks/build/MediaLibrary-styles.tO_mIldk.mjs.map (202 B) (158 B gzip)
  ├─ .output/server/chunks/build/MediaPicker-styles.DHZafgJb.mjs (875 B) (437 B gzip)
  ├─ .output/server/chunks/build/MediaPicker-styles.DHZafgJb.mjs.map (200 B) (158 B gzip)
  ├─ .output/server/chunks/build/MessageBubble-styles.Cj6NJ1a9.mjs (383 B) (226 B gzip)
  ├─ .output/server/chunks/build/MessageBubble-styles.Cj6NJ1a9.mjs.map (204 B) (160 B gzip)
  ├─ .output/server/chunks/build/MessageInput-styles.HyXTVmS0.mjs (378 B) (227 B gzip)
  ├─ .output/server/chunks/build/MessageInput-styles.HyXTVmS0.mjs.map (202 B) (159 B gzip)
  ├─ .output/server/chunks/build/MessageList-styles.rwqMIdkA.mjs (373 B) (225 B gzip)
  ├─ .output/server/chunks/build/MessageList-styles.rwqMIdkA.mjs.map (200 B) (156 B gzip)
  ├─ .output/server/chunks/build/MessageSkeleton-styles.B1ylgVHe.mjs (393 B) (226 B gzip)
  ├─ .output/server/chunks/build/MessageSkeleton-styles.B1ylgVHe.mjs.map (208 B) (160 B gzip)
  ├─ .output/server/chunks/build/MobileNav-styles.QAzi_zW3.mjs (361 B) (216 B gzip)
  ├─ .output/server/chunks/build/MobileNav-styles.QAzi_zW3.mjs.map (196 B) (156 B gzip)
  ├─ .output/server/chunks/build/mock-DIVmYxG-.mjs (380 B) (311 B gzip)
  ├─ .output/server/chunks/build/mock-DIVmYxG-.mjs.map (292 B) (200 B gzip)
  ├─ .output/server/chunks/build/mock-KdlKePQj.mjs (47.6 kB) (11.6 kB gzip)
  ├─ .output/server/chunks/build/mock-KdlKePQj.mjs.map (20.2 kB) (2.24 kB gzip)
  ├─ .output/server/chunks/build/MomentArticleCard-styles.BD6FTaJE.mjs (1.6 kB) (628 B gzip)
  ├─ .output/server/chunks/build/MomentArticleCard-styles.BD6FTaJE.mjs.map (212 B) (162 B gzip)
  ├─ .output/server/chunks/build/MomentAuthorCard-styles.5UUz0IE4.mjs (3.03 kB) (855 B gzip)
  ├─ .output/server/chunks/build/MomentAuthorCard-styles.5UUz0IE4.mjs.map (210 B) (163 B gzip)
  ├─ .output/server/chunks/build/MomentCalendarCard-styles.72D6YiNZ.mjs (4.59 kB) (1.14 kB gzip)
  ├─ .output/server/chunks/build/MomentCalendarCard-styles.72D6YiNZ.mjs.map (214 B) (162 B gzip)
  ├─ .output/server/chunks/build/MomentCard-DegxnIXO.mjs (27 kB) (5.45 kB gzip)
  ├─ .output/server/chunks/build/MomentCard-DegxnIXO.mjs.map (14.2 kB) (3.33 kB gzip)
  ├─ .output/server/chunks/build/MomentCard-styles.DSQBzjto.mjs (7.66 kB) (1.84 kB gzip)
  ├─ .output/server/chunks/build/MomentCard-styles.DSQBzjto.mjs.map (198 B) (157 B gzip)
  ├─ .output/server/chunks/build/MomentCommentSection-styles.BfOf2t-J.mjs (3.74 kB) (1.07 kB gzip)
  ├─ .output/server/chunks/build/MomentCommentSection-styles.BfOf2t-J.mjs.map (218 B) (163 B gzip)
  ├─ .output/server/chunks/build/MomentLinkCard-styles.Dk_hfCe6.mjs (2.11 kB) (726 B gzip)
  ├─ .output/server/chunks/build/MomentLinkCard-styles.Dk_hfCe6.mjs.map (206 B) (159 B gzip)
  ├─ .output/server/chunks/build/MomentList-kx3iGL0n.mjs (6.5 kB) (2.08 kB gzip)
  ├─ .output/server/chunks/build/MomentList-kx3iGL0n.mjs.map (3.95 kB) (1.17 kB gzip)
  ├─ .output/server/chunks/build/MomentList-styles.PkVvq9rO.mjs (1.26 kB) (535 B gzip)
  ├─ .output/server/chunks/build/MomentList-styles.PkVvq9rO.mjs.map (198 B) (157 B gzip)
  ├─ .output/server/chunks/build/moments-j4vaRnoC.mjs (14.2 kB) (3.73 kB gzip)
  ├─ .output/server/chunks/build/moments-j4vaRnoC.mjs.map (6.5 kB) (1.71 kB gzip)
  ├─ .output/server/chunks/build/MomentTopicCard-styles.7qCCsbrF.mjs (3.18 kB) (924 B gzip)
  ├─ .output/server/chunks/build/MomentTopicCard-styles.7qCCsbrF.mjs.map (208 B) (160 B gzip)
  ├─ .output/server/chunks/build/MomentUserPopover-styles.BJadDeeI.mjs (2.1 kB) (780 B gzip)
  ├─ .output/server/chunks/build/MomentUserPopover-styles.BJadDeeI.mjs.map (241 B) (177 B gzip)
  ├─ .output/server/chunks/build/new-BExKltp1.mjs (21.3 kB) (4.32 kB gzip)
  ├─ .output/server/chunks/build/new-BExKltp1.mjs.map (13.3 kB) (2.76 kB gzip)
  ├─ .output/server/chunks/build/new-BNNCqneL.mjs (1.84 kB) (771 B gzip)
  ├─ .output/server/chunks/build/new-BNNCqneL.mjs.map (349 B) (213 B gzip)
  ├─ .output/server/chunks/build/new-styles.BvSjaAeP.mjs (4.48 kB) (1.16 kB gzip)
  ├─ .output/server/chunks/build/new-styles.BvSjaAeP.mjs.map (184 B) (150 B gzip)
  ├─ .output/server/chunks/build/NuxtImg-CP2HeHGk.mjs (16.9 kB) (5.06 kB gzip)
  ├─ .output/server/chunks/build/NuxtImg-CP2HeHGk.mjs.map (1.98 kB) (406 B gzip)
  ├─ .output/server/chunks/build/OwnerProfileCard-Cz7eqn4A.mjs (4.18 kB) (1.45 kB gzip)
  ├─ .output/server/chunks/build/OwnerProfileCard-Cz7eqn4A.mjs.map (1.51 kB) (528 B gzip)
  ├─ .output/server/chunks/build/OwnerProfileCard-styles.Qgymm3_0.mjs (2.67 kB) (861 B gzip)
  ├─ .output/server/chunks/build/OwnerProfileCard-styles.Qgymm3_0.mjs.map (210 B) (159 B gzip)
  ├─ .output/server/chunks/build/page-B_YAHLL7.mjs (2.7 kB) (1.02 kB gzip)
  ├─ .output/server/chunks/build/page-B_YAHLL7.mjs.map (532 B) (260 B gzip)
  ├─ .output/server/chunks/build/PageHeader-C07CgmwB.mjs (1.98 kB) (794 B gzip)
  ├─ .output/server/chunks/build/PageHeader-C07CgmwB.mjs.map (521 B) (250 B gzip)
  ├─ .output/server/chunks/build/PageHeader-styles.CA_IxOp3.mjs (597 B) (319 B gzip)
  ├─ .output/server/chunks/build/PageHeader-styles.CA_IxOp3.mjs.map (198 B) (155 B gzip)
  ├─ .output/server/chunks/build/pages-Cn0GZWFz.mjs (40.1 kB) (8.93 kB gzip)
  ├─ .output/server/chunks/build/pages-Cn0GZWFz.mjs.map (27.9 kB) (6.25 kB gzip)
  ├─ .output/server/chunks/build/PinnedMessage-styles.D41g820I.mjs (383 B) (225 B gzip)
  ├─ .output/server/chunks/build/PinnedMessage-styles.D41g820I.mjs.map (204 B) (160 B gzip)
  ├─ .output/server/chunks/build/PostCard--9lIIu4b.mjs (1.85 kB) (782 B gzip)
  ├─ .output/server/chunks/build/PostCard--9lIIu4b.mjs.map (357 B) (204 B gzip)
  ├─ .output/server/chunks/build/PostCard-D-9t7Pv9.mjs (1.85 kB) (782 B gzip)
  ├─ .output/server/chunks/build/PostCard-D-9t7Pv9.mjs.map (356 B) (204 B gzip)
  ├─ .output/server/chunks/build/PostCard-styles.Dd_OI0cJ.mjs (6.07 kB) (1.49 kB gzip)
  ├─ .output/server/chunks/build/PostCard-styles.Dd_OI0cJ.mjs.map (194 B) (155 B gzip)
  ├─ .output/server/chunks/build/PostCard-TeUXj672.mjs (9.47 kB) (2.17 kB gzip)
  ├─ .output/server/chunks/build/PostCard-TeUXj672.mjs.map (5.83 kB) (1.45 kB gzip)
  ├─ .output/server/chunks/build/PostCard-x4nl9B0A.mjs (1.85 kB) (783 B gzip)
  ├─ .output/server/chunks/build/PostCard-x4nl9B0A.mjs.map (358 B) (204 B gzip)
  ├─ .output/server/chunks/build/PostCardList-styles.D97uPY6m.mjs (376 B) (224 B gzip)
  ├─ .output/server/chunks/build/PostCardList-styles.D97uPY6m.mjs.map (202 B) (159 B gzip)
  ├─ .output/server/chunks/build/PostConflict-styles.B6MLcWaI.mjs (1.41 kB) (572 B gzip)
  ├─ .output/server/chunks/build/PostConflict-styles.B6MLcWaI.mjs.map (202 B) (160 B gzip)
  ├─ .output/server/chunks/build/posts-DwVZ1UHn.mjs (9.26 kB) (2.85 kB gzip)
  ├─ .output/server/chunks/build/posts-DwVZ1UHn.mjs.map (8.21 kB) (1.88 kB gzip)
  ├─ .output/server/chunks/build/PostWorkspace-CARyh4bC.mjs (22.6 kB) (5.73 kB gzip)
  ├─ .output/server/chunks/build/PostWorkspace-CARyh4bC.mjs.map (17 kB) (3.6 kB gzip)
  ├─ .output/server/chunks/build/PostWorkspace-styles.DTd06su7.mjs (1.02 kB) (444 B gzip)
  ├─ .output/server/chunks/build/PostWorkspace-styles.DTd06su7.mjs.map (204 B) (160 B gzip)
  ├─ .output/server/chunks/build/ProjectCard-styles.DfX6dbZL.mjs (372 B) (224 B gzip)
  ├─ .output/server/chunks/build/ProjectCard-styles.DfX6dbZL.mjs.map (200 B) (159 B gzip)
  ├─ .output/server/chunks/build/ProjectGrid-styles.BsNOWiQL.mjs (372 B) (224 B gzip)
  ├─ .output/server/chunks/build/ProjectGrid-styles.BsNOWiQL.mjs.map (200 B) (159 B gzip)
  ├─ .output/server/chunks/build/projects-CfMJUTj_.mjs (13.7 kB) (3.54 kB gzip)
  ├─ .output/server/chunks/build/projects-CfMJUTj_.mjs.map (6 kB) (1.32 kB gzip)
  ├─ .output/server/chunks/build/projects-styles-1.mjs-CFIuKarz.mjs (3.08 kB) (893 B gzip)
  ├─ .output/server/chunks/build/projects-styles-1.mjs-CFIuKarz.mjs.map (97 B) (107 B gzip)
  ├─ .output/server/chunks/build/projects-styles-2.mjs-x70K6dYo.mjs (419 B) (256 B gzip)
  ├─ .output/server/chunks/build/projects-styles-2.mjs-x70K6dYo.mjs.map (97 B) (107 B gzip)
  ├─ .output/server/chunks/build/projects-styles.CM4F31t-.mjs (2.62 kB) (747 B gzip)
  ├─ .output/server/chunks/build/projects-styles.CM4F31t-.mjs.map (309 B) (188 B gzip)
  ├─ .output/server/chunks/build/ReadingProgress-styles.DuDToSY_.mjs (390 B) (224 B gzip)
  ├─ .output/server/chunks/build/ReadingProgress-styles.DuDToSY_.mjs.map (208 B) (160 B gzip)
  ├─ .output/server/chunks/build/RootLayout-2-styles-2.mjs-B9L5cz5c.mjs (2.66 kB) (919 B gzip)
  ├─ .output/server/chunks/build/RootLayout-2-styles-2.mjs-B9L5cz5c.mjs.map (103 B) (111 B gzip)
  ├─ .output/server/chunks/build/RootLayout-2-styles-3.mjs-DWyiW8eb.mjs (2.41 kB) (786 B gzip)
  ├─ .output/server/chunks/build/RootLayout-2-styles-3.mjs-DWyiW8eb.mjs.map (101 B) (110 B gzip)
  ├─ .output/server/chunks/build/RootLayout-BlS-TQ-J.mjs (24.5 kB) (5.22 kB gzip)
  ├─ .output/server/chunks/build/RootLayout-BlS-TQ-J.mjs.map (10.6 kB) (2.52 kB gzip)
  ├─ .output/server/chunks/build/RootLayout-CMd8Bu6R.mjs (12.8 kB) (3.35 kB gzip)
  ├─ .output/server/chunks/build/RootLayout-CMd8Bu6R.mjs.map (6.77 kB) (1.85 kB gzip)
  ├─ .output/server/chunks/build/RootLayout-COKOql0v.mjs (5.24 kB) (1.72 kB gzip)
  ├─ .output/server/chunks/build/RootLayout-COKOql0v.mjs.map (1.97 kB) (693 B gzip)
  ├─ .output/server/chunks/build/RootLayout-styles-2.M5BzAIZw.mjs (4.12 kB) (1.11 kB gzip)
  ├─ .output/server/chunks/build/RootLayout-styles-2.M5BzAIZw.mjs.map (286 B) (191 B gzip)
  ├─ .output/server/chunks/build/RootLayout-styles-3.BNB_HK_j.mjs (8.07 kB) (2.03 kB gzip)
  ├─ .output/server/chunks/build/RootLayout-styles-3.BNB_HK_j.mjs.map (202 B) (159 B gzip)
  ├─ .output/server/chunks/build/RootLayout-styles.BsZ4rJhi.mjs (3.1 kB) (1.12 kB gzip)
  ├─ .output/server/chunks/build/RootLayout-styles.BsZ4rJhi.mjs.map (198 B) (157 B gzip)
  ├─ .output/server/chunks/build/SearchBox-DqMEbSGv.mjs (2.81 kB) (1.07 kB gzip)
  ├─ .output/server/chunks/build/SearchBox-DqMEbSGv.mjs.map (1.06 kB) (400 B gzip)
  ├─ .output/server/chunks/build/SearchBox-styles.Bw59-L2_.mjs (1.73 kB) (706 B gzip)
  ├─ .output/server/chunks/build/SearchBox-styles.Bw59-L2_.mjs.map (196 B) (158 B gzip)
  ├─ .output/server/chunks/build/ShareButtons-styles.BPTKrtJA.mjs (375 B) (225 B gzip)
  ├─ .output/server/chunks/build/ShareButtons-styles.BPTKrtJA.mjs.map (202 B) (158 B gzip)
  ├─ .output/server/chunks/build/SidebarFooterCard-CBxS_uCB.mjs (3.96 kB) (1.36 kB gzip)
  ├─ .output/server/chunks/build/SidebarFooterCard-CBxS_uCB.mjs.map (1.16 kB) (427 B gzip)
  ├─ .output/server/chunks/build/SidebarFooterCard-styles.BqhY4DKi.mjs (2.48 kB) (837 B gzip)
  ├─ .output/server/chunks/build/SidebarFooterCard-styles.BqhY4DKi.mjs.map (212 B) (163 B gzip)
  ├─ .output/server/chunks/build/SidebarNav-BUGIiFeH.mjs (5.17 kB) (1.57 kB gzip)
  ├─ .output/server/chunks/build/SidebarNav-BUGIiFeH.mjs.map (2.19 kB) (735 B gzip)
  ├─ .output/server/chunks/build/SidebarNav-styles.BTjqBrIb.mjs (780 B) (402 B gzip)
  ├─ .output/server/chunks/build/SidebarNav-styles.BTjqBrIb.mjs.map (198 B) (158 B gzip)
  ├─ .output/server/chunks/build/site-mR6_4vv4.mjs (8.41 kB) (2.68 kB gzip)
  ├─ .output/server/chunks/build/site-mR6_4vv4.mjs.map (6.07 kB) (1.47 kB gzip)
  ├─ .output/server/chunks/build/site-styles.Dpb3A9jv.mjs (1.22 kB) (518 B gzip)
  ├─ .output/server/chunks/build/site-styles.Dpb3A9jv.mjs.map (186 B) (150 B gzip)
  ├─ .output/server/chunks/build/SiteAnnouncement-styles.B_ACfaAU.mjs (396 B) (222 B gzip)
  ├─ .output/server/chunks/build/SiteAnnouncement-styles.B_ACfaAU.mjs.map (210 B) (158 B gzip)
  ├─ .output/server/chunks/build/SiteAnnouncementCard-B8CuWnuf.mjs (3.01 kB) (1.09 kB gzip)
  ├─ .output/server/chunks/build/SiteAnnouncementCard-B8CuWnuf.mjs.map (711 B) (335 B gzip)
  ├─ .output/server/chunks/build/SiteAnnouncementCard-styles.DPaOECf7.mjs (1.32 kB) (527 B gzip)
  ├─ .output/server/chunks/build/SiteAnnouncementCard-styles.DPaOECf7.mjs.map (218 B) (163 B gzip)
  ├─ .output/server/chunks/build/SiteStatsCard-styles.CjTMvnSd.mjs (386 B) (228 B gzip)
  ├─ .output/server/chunks/build/SiteStatsCard-styles.CjTMvnSd.mjs.map (204 B) (158 B gzip)
  ├─ .output/server/chunks/build/SkillBars-styles.A6zAR8Bb.mjs (359 B) (220 B gzip)
  ├─ .output/server/chunks/build/SkillBars-styles.A6zAR8Bb.mjs.map (196 B) (156 B gzip)
  ├─ .output/server/chunks/build/StateBlock-styles.BUgfou_5.mjs (365 B) (220 B gzip)
  ├─ .output/server/chunks/build/StateBlock-styles.BUgfou_5.mjs.map (198 B) (157 B gzip)
  ├─ .output/server/chunks/build/StatusFooter-Ck5eVkL2.mjs (22.8 kB) (5.46 kB gzip)
  ├─ .output/server/chunks/build/StatusFooter-Ck5eVkL2.mjs.map (11.7 kB) (2.93 kB gzip)
  ├─ .output/server/chunks/build/StatusFooter-CmX4g_5F.mjs (1.72 kB) (697 B gzip)
  ├─ .output/server/chunks/build/StatusFooter-CmX4g_5F.mjs.map (132 B) (102 B gzip)
  ├─ .output/server/chunks/build/StatusFooter-Cs3PAhFa.mjs (1.72 kB) (696 B gzip)
  ├─ .output/server/chunks/build/StatusFooter-Cs3PAhFa.mjs.map (132 B) (102 B gzip)
  ├─ .output/server/chunks/build/StatusFooter-DWK0aZPU.mjs (4.9 kB) (1.61 kB gzip)
  ├─ .output/server/chunks/build/StatusFooter-DWK0aZPU.mjs.map (2.1 kB) (674 B gzip)
  ├─ .output/server/chunks/build/StatusFooter-styles-2.CTjvo-no.mjs (2.9 kB) (973 B gzip)
  ├─ .output/server/chunks/build/StatusFooter-styles-2.CTjvo-no.mjs.map (206 B) (158 B gzip)
  ├─ .output/server/chunks/build/StatusFooter-styles.CQPpMcMf.mjs (14.8 kB) (2.95 kB gzip)
  ├─ .output/server/chunks/build/StatusFooter-styles.CQPpMcMf.mjs.map (202 B) (157 B gzip)
  ├─ .output/server/chunks/build/StickyHeader-styles.D4zgpZrP.mjs (375 B) (226 B gzip)
  ├─ .output/server/chunks/build/StickyHeader-styles.D4zgpZrP.mjs.map (202 B) (159 B gzip)
  ├─ .output/server/chunks/build/TabAddBookmarkDialog-styles.xsc3Fjni.mjs (413 B) (229 B gzip)
  ├─ .output/server/chunks/build/TabAddBookmarkDialog-styles.xsc3Fjni.mjs.map (218 B) (164 B gzip)
  ├─ .output/server/chunks/build/TabAddCategoryDialog-styles.DvOcfjqF.mjs (414 B) (229 B gzip)
  ├─ .output/server/chunks/build/TabAddCategoryDialog-styles.DvOcfjqF.mjs.map (218 B) (164 B gzip)
  ├─ .output/server/chunks/build/TabBookmarkGrid-styles.NuYi9EbJ.mjs (388 B) (227 B gzip)
  ├─ .output/server/chunks/build/TabBookmarkGrid-styles.NuYi9EbJ.mjs.map (208 B) (162 B gzip)
  ├─ .output/server/chunks/build/TabBookmarkItem-styles.4tkenUEb.mjs (388 B) (225 B gzip)
  ├─ .output/server/chunks/build/TabBookmarkItem-styles.4tkenUEb.mjs.map (208 B) (160 B gzip)
  ├─ .output/server/chunks/build/TabCommandPalette-styles.VY90uBIF.mjs (399 B) (228 B gzip)
  ├─ .output/server/chunks/build/TabCommandPalette-styles.VY90uBIF.mjs.map (212 B) (164 B gzip)
  ├─ .output/server/chunks/build/TabContextMenu-styles.CJ7lWl3L.mjs (383 B) (224 B gzip)
  ├─ .output/server/chunks/build/TabContextMenu-styles.CJ7lWl3L.mjs.map (206 B) (161 B gzip)
  ├─ .output/server/chunks/build/TabIconPicker-styles.MNYfEqv_.mjs (378 B) (225 B gzip)
  ├─ .output/server/chunks/build/TabIconPicker-styles.MNYfEqv_.mjs.map (204 B) (161 B gzip)
  ├─ .output/server/chunks/build/TabImportDialog-styles.Crf4Fjcx.mjs (389 B) (227 B gzip)
  ├─ .output/server/chunks/build/TabImportDialog-styles.Crf4Fjcx.mjs.map (208 B) (160 B gzip)
  ├─ .output/server/chunks/build/tabs-Co2lWYAR.mjs (142 kB) (25.4 kB gzip)
  ├─ .output/server/chunks/build/tabs-Co2lWYAR.mjs.map (88.8 kB) (14.1 kB gzip)
  ├─ .output/server/chunks/build/tabs-styles-10.mjs-Gaclvf--.mjs (2.97 kB) (925 B gzip)
  ├─ .output/server/chunks/build/tabs-styles-10.mjs-Gaclvf--.mjs.map (94 B) (103 B gzip)
  ├─ .output/server/chunks/build/tabs-styles-11.mjs-CVx_WomB.mjs (10.4 kB) (2.13 kB gzip)
  ├─ .output/server/chunks/build/tabs-styles-11.mjs-CVx_WomB.mjs.map (94 B) (105 B gzip)
  ├─ .output/server/chunks/build/tabs-styles-12.mjs-BN2-Qe51.mjs (4.53 kB) (1.27 kB gzip)
  ├─ .output/server/chunks/build/tabs-styles-12.mjs-BN2-Qe51.mjs.map (94 B) (105 B gzip)
  ├─ .output/server/chunks/build/tabs-styles-13.mjs-D1jQxAEp.mjs (3.85 kB) (1.12 kB gzip)
  ├─ .output/server/chunks/build/tabs-styles-13.mjs-D1jQxAEp.mjs.map (94 B) (105 B gzip)
  ├─ .output/server/chunks/build/tabs-styles-2.mjs-D3_U_UH5.mjs (1.32 kB) (619 B gzip)
  ├─ .output/server/chunks/build/tabs-styles-2.mjs-D3_U_UH5.mjs.map (95 B) (106 B gzip)
  ├─ .output/server/chunks/build/tabs-styles-4.mjs-DAV84_Ij.mjs (4.04 kB) (1.11 kB gzip)
  ├─ .output/server/chunks/build/tabs-styles-4.mjs-DAV84_Ij.mjs.map (93 B) (104 B gzip)
  ├─ .output/server/chunks/build/tabs-styles-5.mjs-CZ_n2Oqn.mjs (27.5 kB) (6.77 kB gzip)
  ├─ .output/server/chunks/build/tabs-styles-5.mjs-CZ_n2Oqn.mjs.map (93 B) (104 B gzip)
  ├─ .output/server/chunks/build/tabs-styles-6.mjs-HisF368I.mjs (1.58 kB) (650 B gzip)
  ├─ .output/server/chunks/build/tabs-styles-6.mjs-HisF368I.mjs.map (93 B) (103 B gzip)
  ├─ .output/server/chunks/build/tabs-styles-7.mjs-DL6pWLxo.mjs (28.5 kB) (6.86 kB gzip)
  ├─ .output/server/chunks/build/tabs-styles-7.mjs-DL6pWLxo.mjs.map (93 B) (104 B gzip)
  ├─ .output/server/chunks/build/tabs-styles-8.mjs-SzhhNMbJ.mjs (1.99 kB) (790 B gzip)
  ├─ .output/server/chunks/build/tabs-styles-8.mjs-SzhhNMbJ.mjs.map (93 B) (104 B gzip)
  ├─ .output/server/chunks/build/tabs-styles-9.mjs-Dz2XyORk.mjs (4.03 kB) (1.01 kB gzip)
  ├─ .output/server/chunks/build/tabs-styles-9.mjs-Dz2XyORk.mjs.map (93 B) (104 B gzip)
  ├─ .output/server/chunks/build/tabs-styles.C46ZLV_j.mjs (10.8 kB) (2.33 kB gzip)
  ├─ .output/server/chunks/build/tabs-styles.C46ZLV_j.mjs.map (555 B) (231 B gzip)
  ├─ .output/server/chunks/build/TabSearchBar-styles.BRZCy-AS.mjs (371 B) (225 B gzip)
  ├─ .output/server/chunks/build/TabSearchBar-styles.BRZCy-AS.mjs.map (202 B) (159 B gzip)
  ├─ .output/server/chunks/build/TabSettingsDrawer-styles.B3eogT8I.mjs (399 B) (228 B gzip)
  ├─ .output/server/chunks/build/TabSettingsDrawer-styles.B3eogT8I.mjs.map (212 B) (161 B gzip)
  ├─ .output/server/chunks/build/TabWallpaperLayer-styles.DKhw2W04.mjs (547 B) (242 B gzip)
  ├─ .output/server/chunks/build/TabWallpaperLayer-styles.DKhw2W04.mjs.map (239 B) (179 B gzip)
  ├─ .output/server/chunks/build/TagCloudCard-styles.DNYJJQrI.mjs (376 B) (224 B gzip)
  ├─ .output/server/chunks/build/TagCloudCard-styles.DNYJJQrI.mjs.map (202 B) (160 B gzip)
  ├─ .output/server/chunks/build/taxonomy-DgbQxyah.mjs (3.33 kB) (1.37 kB gzip)
  ├─ .output/server/chunks/build/taxonomy-DgbQxyah.mjs.map (1.57 kB) (540 B gzip)
  ├─ .output/server/chunks/build/taxonomy-styles.DHjJoPqu.mjs (1.7 kB) (641 B gzip)
  ├─ .output/server/chunks/build/taxonomy-styles.DHjJoPqu.mjs.map (194 B) (155 B gzip)
  ├─ .output/server/chunks/build/ThemeAccessory-CWM21fIF.mjs (1.51 kB) (698 B gzip)
  ├─ .output/server/chunks/build/ThemeAccessory-CWM21fIF.mjs.map (232 B) (173 B gzip)
  ├─ .output/server/chunks/build/ThemeAccessory-CyUG4cID.mjs (2.02 kB) (802 B gzip)
  ├─ .output/server/chunks/build/ThemeAccessory-CyUG4cID.mjs.map (487 B) (223 B gzip)
  ├─ .output/server/chunks/build/ThemeAccessory-DcW4mN1c.mjs (1.51 kB) (696 B gzip)
  ├─ .output/server/chunks/build/ThemeAccessory-DcW4mN1c.mjs.map (234 B) (173 B gzip)
  ├─ .output/server/chunks/build/ThemeAccessory-styles-2.Chrw4lyn.mjs (393 B) (223 B gzip)
  ├─ .output/server/chunks/build/ThemeAccessory-styles-2.Chrw4lyn.mjs.map (210 B) (159 B gzip)
  ├─ .output/server/chunks/build/ThemeAccessory-styles-3.BCIQpR-I.mjs (391 B) (227 B gzip)
  ├─ .output/server/chunks/build/ThemeAccessory-styles-3.BCIQpR-I.mjs.map (210 B) (161 B gzip)
  ├─ .output/server/chunks/build/ThemeAccessory-styles.31xdB4RQ.mjs (1.31 kB) (598 B gzip)
  ├─ .output/server/chunks/build/ThemeAccessory-styles.31xdB4RQ.mjs.map (206 B) (159 B gzip)
  ├─ .output/server/chunks/build/ThemeComponent-B-ImDeDJ.mjs (4.79 kB) (1.37 kB gzip)
  ├─ .output/server/chunks/build/ThemeComponent-B-ImDeDJ.mjs.map (4.2 kB) (1.17 kB gzip)
  ├─ .output/server/chunks/build/ThemeSwitcher-styles.D5UQVETv.mjs (840 B) (425 B gzip)
  ├─ .output/server/chunks/build/ThemeSwitcher-styles.D5UQVETv.mjs.map (204 B) (160 B gzip)
  ├─ .output/server/chunks/build/Tooltip-DeWMxP68.mjs (2.47 kB) (961 B gzip)
  ├─ .output/server/chunks/build/Tooltip-DeWMxP68.mjs.map (1.09 kB) (433 B gzip)
  ├─ .output/server/chunks/build/Tooltip-styles.BgwRh2gz.mjs (1.86 kB) (596 B gzip)
  ├─ .output/server/chunks/build/Tooltip-styles.BgwRh2gz.mjs.map (192 B) (156 B gzip)
  ├─ .output/server/chunks/build/topics-CysWr0FC.mjs (1.06 kB) (519 B gzip)
  ├─ .output/server/chunks/build/topics-CysWr0FC.mjs.map (845 B) (288 B gzip)
  ├─ .output/server/chunks/build/useFlashNotes-BzmyBubr.mjs (32.8 kB) (8.54 kB gzip)
  ├─ .output/server/chunks/build/useFlashNotes-BzmyBubr.mjs.map (21.6 kB) (4.37 kB gzip)
  ├─ .output/server/chunks/build/useFooterExpand-DPHeUJyr.mjs (247 B) (185 B gzip)
  ├─ .output/server/chunks/build/useFooterExpand-DPHeUJyr.mjs.map (245 B) (201 B gzip)
  ├─ .output/server/chunks/build/useFullbleedPage-kge0JzAH.mjs (411 B) (240 B gzip)
  ├─ .output/server/chunks/build/useFullbleedPage-kge0JzAH.mjs.map (445 B) (257 B gzip)
  ├─ .output/server/chunks/build/useLoginDrawer-BSkAzbsi.mjs (1.16 kB) (500 B gzip)
  ├─ .output/server/chunks/build/useLoginDrawer-BSkAzbsi.mjs.map (1.18 kB) (445 B gzip)
  ├─ .output/server/chunks/build/useModalFocus-C_X7mrXZ.mjs (521 B) (343 B gzip)
  ├─ .output/server/chunks/build/useModalFocus-C_X7mrXZ.mjs.map (644 B) (335 B gzip)
  ├─ .output/server/chunks/build/useMomentFilters-DYiSPZZz.mjs (9.51 kB) (2.74 kB gzip)
  ├─ .output/server/chunks/build/useMomentFilters-DYiSPZZz.mjs.map (7.42 kB) (1.88 kB gzip)
  ├─ .output/server/chunks/build/useMomentList-B07gp8ll.mjs (21.6 kB) (5.91 kB gzip)
  ├─ .output/server/chunks/build/useMomentList-B07gp8ll.mjs.map (11.5 kB) (1.6 kB gzip)
  ├─ .output/server/chunks/build/useMomentOverview-BJJSKR_N.mjs (1.04 kB) (531 B gzip)
  ├─ .output/server/chunks/build/useMomentOverview-BJJSKR_N.mjs.map (996 B) (416 B gzip)
  ├─ .output/server/chunks/build/useNavItems-Bm_QR1PT.mjs (1.09 kB) (468 B gzip)
  ├─ .output/server/chunks/build/useNavItems-Bm_QR1PT.mjs.map (1.27 kB) (406 B gzip)
  ├─ .output/server/chunks/build/usePostMetadata-CjCW92Fx.mjs (4.66 kB) (1.53 kB gzip)
  ├─ .output/server/chunks/build/usePostMetadata-CjCW92Fx.mjs.map (5.17 kB) (1.38 kB gzip)
  ├─ .output/server/chunks/build/useRelativeDate-Do8p1UP9.mjs (1.62 kB) (598 B gzip)
  ├─ .output/server/chunks/build/useRelativeDate-Do8p1UP9.mjs.map (1.85 kB) (582 B gzip)
  ├─ .output/server/chunks/build/useSidebarExitAnimation-DWJpTNj2.mjs (321 B) (221 B gzip)
  ├─ .output/server/chunks/build/useSidebarExitAnimation-DWJpTNj2.mjs.map (260 B) (202 B gzip)
  ├─ .output/server/chunks/build/useSiteInfo-2iky0XiQ.mjs (3.01 kB) (1.3 kB gzip)
  ├─ .output/server/chunks/build/useSiteInfo-2iky0XiQ.mjs.map (2.83 kB) (883 B gzip)
  ├─ .output/server/chunks/routes/api/__sitemap__/urls.mjs (679 B) (339 B gzip)
  ├─ .output/server/chunks/routes/api/__sitemap__/urls.mjs.map (406 B) (199 B gzip)
  ├─ .output/server/chunks/routes/api/flash.json.mjs (1.02 kB) (525 B gzip)
  ├─ .output/server/chunks/routes/api/flash.json.mjs.map (772 B) (269 B gzip)
  ├─ .output/server/chunks/routes/api/moments.json.mjs (1.6 kB) (722 B gzip)
  ├─ .output/server/chunks/routes/api/moments.json.mjs.map (1.53 kB) (387 B gzip)
  ├─ .output/server/chunks/routes/api/v1/_...path_.mjs (2.3 kB) (1.11 kB gzip)
  ├─ .output/server/chunks/routes/api/v1/_...path_.mjs.map (1.86 kB) (455 B gzip)
  ├─ .output/server/chunks/routes/flash.xml.mjs (1.45 kB) (729 B gzip)
  ├─ .output/server/chunks/routes/flash.xml.mjs.map (1.02 kB) (309 B gzip)
  ├─ .output/server/chunks/routes/moments.xml.mjs (2.67 kB) (1.24 kB gzip)
  ├─ .output/server/chunks/routes/moments.xml.mjs.map (2.27 kB) (525 B gzip)
  ├─ .output/server/chunks/routes/renderer.mjs (16.5 kB) (5.91 kB gzip)
  ├─ .output/server/chunks/routes/renderer.mjs.map (2.12 kB) (424 B gzip)
  ├─ .output/server/chunks/routes/rss.xml.mjs (1.48 kB) (698 B gzip)
  ├─ .output/server/chunks/routes/rss.xml.mjs.map (1.03 kB) (312 B gzip)
  ├─ .output/server/chunks/virtual/_virtual_spa-template.mjs (94 B) (100 B gzip)
  ├─ .output/server/chunks/virtual/_virtual_spa-template.mjs.map (88 B) (97 B gzip)
  ├─ .output/server/chunks/virtual/child-sources.mjs (84 B) (86 B gzip)
  ├─ .output/server/chunks/virtual/child-sources.mjs.map (80 B) (88 B gzip)
  ├─ .output/server/chunks/virtual/entry.mjs (329 kB) (82.1 kB gzip)
  ├─ .output/server/chunks/virtual/entry.mjs.map (18.8 kB) (3.56 kB gzip)
  ├─ .output/server/chunks/virtual/global-sources.mjs (2.35 kB) (464 B gzip)
  ├─ .output/server/chunks/virtual/global-sources.mjs.map (180 B) (90 B gzip)
  ├─ .output/server/chunks/virtual/precomputed.mjs (403 kB) (30.3 kB gzip)
  ├─ .output/server/chunks/virtual/precomputed.mjs.map (277 kB) (7.65 kB gzip)
  ├─ .output/server/chunks/virtual/styles.mjs (15.3 kB) (2.83 kB gzip)
  ├─ .output/server/chunks/virtual/styles.mjs.map (9.07 kB) (922 B gzip)
  ├─ .output/server/index.mjs (1.75 kB) (769 B gzip)
  └─ .output/server/package.json (3.59 kB) (1.25 kB gzip)
Σ Total size: 52.1 MB (14.8 MB gzip)
[@nuxt/image] i sharp binaries have been included in your build for win32-x64. Make sure you deploy to the same architecture.
[nitro] √ You can preview this build using node .output/server/index.mjs
|
—  ✨ Build complete!
