
> web-blog@ build D:\Projects\TixXinBlog\.codex\content-navigation\frontend
> nuxt build

T  Building Nuxt for production...
|
•  Nuxt 4.5.2 (with Nitro 2.13.4, Vite 8.2.2 and Vue 3.5.42)
[nuxt:icon] √ Nuxt Icon discovered local-installed 1 collections: lucide
|
•  Nitro preset: node-server
i Nuxt Icon client bundle consist of 179 icons with 53.08KB(uncompressed) in size
i Building client...
i vite v8.2.2 building client environment for production...
transforming...
✓ 1373 modules transformed.
rendering chunks...
computing gzip size...
i .nuxt/dist/client/manifest.json                            187.23 kB │ gzip:  15.58 kB
.nuxt/dist/client/_nuxt/ThemeAccessory.Cd22kliZ.css          0.05 kB │ gzip:   0.07 kB
.nuxt/dist/client/_nuxt/ThemeAccessory.DNhOmbKt.css          0.05 kB │ gzip:   0.07 kB
.nuxt/dist/client/_nuxt/RightSidebar.Cs3kVVQQ.css            0.08 kB │ gzip:   0.10 kB
.nuxt/dist/client/_nuxt/media.B6wVcZCj.css                   0.11 kB │ gzip:   0.11 kB
.nuxt/dist/client/_nuxt/AuthLoginForm.ZU7MNv8x.css           0.16 kB │ gzip:   0.14 kB
.nuxt/dist/client/_nuxt/login.C8kvXFVj.css                   0.19 kB │ gzip:   0.15 kB
.nuxt/dist/client/_nuxt/PageHeader.CtE-1u88.css              0.28 kB │ gzip:   0.17 kB
.nuxt/dist/client/_nuxt/SiteSettingsPreview.BLbd2kbk.css     0.39 kB │ gzip:   0.22 kB
.nuxt/dist/client/_nuxt/SidebarNav.DfNryi3O.css              0.46 kB │ gzip:   0.26 kB
.nuxt/dist/client/_nuxt/PostTabs.D7Mu280b.css                0.47 kB │ gzip:   0.23 kB
.nuxt/dist/client/_nuxt/MediaPicker.Dn8Ham8w.css             0.55 kB │ gzip:   0.29 kB
.nuxt/dist/client/_nuxt/ThemeComponent.BgI8vvaq.css          0.72 kB │ gzip:   0.26 kB
.nuxt/dist/client/_nuxt/comments.B-Pa6_T_.css                0.81 kB │ gzip:   0.31 kB
.nuxt/dist/client/_nuxt/DonateCard.DpNkMKJ0.css              0.85 kB │ gzip:   0.38 kB
.nuxt/dist/client/_nuxt/site.BaLV-cVy.css                    0.93 kB │ gzip:   0.38 kB
.nuxt/dist/client/_nuxt/maintenance.0n9puslv.css             0.97 kB │ gzip:   0.38 kB
.nuxt/dist/client/_nuxt/ImageFrame.CPprRpGR.css              0.97 kB │ gzip:   0.40 kB
.nuxt/dist/client/_nuxt/MomentList.Cz7UaCQ4.css              1.04 kB │ gzip:   0.42 kB
.nuxt/dist/client/_nuxt/SiteAnnouncementCard.DclkKt98.css    1.05 kB │ gzip:   0.41 kB
.nuxt/dist/client/_nuxt/audit.50mVosPl.css                   1.06 kB │ gzip:   0.43 kB
.nuxt/dist/client/_nuxt/ThemeAccessory.CG9Z-8xQ.css          1.15 kB │ gzip:   0.47 kB
.nuxt/dist/client/_nuxt/DailyQuoteCard.Bi9alQas.css          1.23 kB │ gzip:   0.46 kB
.nuxt/dist/client/_nuxt/account.CRpAHElc.css                 1.30 kB │ gzip:   0.45 kB
.nuxt/dist/client/_nuxt/taxonomy.CqBkzuog.css                1.39 kB │ gzip:   0.50 kB
.nuxt/dist/client/_nuxt/ContextDrawer.Cs3CtrU8.css           1.47 kB │ gzip:   0.56 kB
.nuxt/dist/client/_nuxt/admin.9tuBc-2I.css                   1.48 kB │ gzip:   0.49 kB
.nuxt/dist/client/_nuxt/Markdown.DpB0L1qD.css                1.48 kB │ gzip:   0.42 kB
.nuxt/dist/client/_nuxt/MediaWorkspace.CFBL5QnB.css          1.61 kB │ gzip:   0.57 kB
.nuxt/dist/client/_nuxt/flashes.3Mwbx5J6.css                 1.69 kB │ gzip:   0.56 kB
.nuxt/dist/client/_nuxt/Tooltip.DCNx62Gg.css                 1.80 kB │ gzip:   0.53 kB
.nuxt/dist/client/_nuxt/SearchBox.D5xnTBrq.css               1.85 kB │ gzip:   0.62 kB
.nuxt/dist/client/_nuxt/_name_.DPYl0hcz.css                  1.90 kB │ gzip:   0.63 kB
.nuxt/dist/client/_nuxt/AppearanceEntry.C-cwA9NS.css         2.27 kB │ gzip:   0.52 kB
.nuxt/dist/client/_nuxt/admin.B2orniMU.css                   2.27 kB │ gzip:   0.69 kB
.nuxt/dist/client/_nuxt/SidebarFooterCard.0p-wJCp8.css       2.33 kB │ gzip:   0.70 kB
.nuxt/dist/client/_nuxt/posts.DuvaHLFw.css                   2.58 kB │ gzip:   0.76 kB
.nuxt/dist/client/_nuxt/StatusFooter.a8dOFras.css            2.76 kB │ gzip:   0.84 kB
.nuxt/dist/client/_nuxt/_id_.BotAc1-N.css                    2.76 kB │ gzip:   0.81 kB
.nuxt/dist/client/_nuxt/OwnerProfileCard.D_IB619V.css        2.87 kB │ gzip:   0.78 kB
.nuxt/dist/client/_nuxt/RootLayout.QNZHnRNv.css              3.01 kB │ gzip:   1.02 kB
.nuxt/dist/client/_nuxt/useMomentOverview.D51HH2ev.css       3.22 kB │ gzip:   0.79 kB
.nuxt/dist/client/_nuxt/_id_.DTJLrKcO.css                    3.32 kB │ gzip:   0.89 kB
.nuxt/dist/client/_nuxt/links.DYZsdgAG.css                   3.98 kB │ gzip:   1.02 kB
.nuxt/dist/client/_nuxt/moments.C6207FBC.css                 4.29 kB │ gzip:   1.15 kB
.nuxt/dist/client/_nuxt/GuestIdentityModal.BxJykvMr.css      4.85 kB │ gzip:   1.12 kB
.nuxt/dist/client/_nuxt/new.D1YXwiOI.css                     4.98 kB │ gzip:   1.12 kB
.nuxt/dist/client/_nuxt/useMomentFilters.D27J9cg9.css        5.00 kB │ gzip:   1.08 kB
.nuxt/dist/client/_nuxt/projects.B_ZV7zi8.css                5.09 kB │ gzip:   1.21 kB
.nuxt/dist/client/_nuxt/CustomScrollbar.Cenom2zW.css         5.10 kB │ gzip:   1.17 kB
.nuxt/dist/client/_nuxt/PostWorkspace.CqGb0OpX.css           5.18 kB │ gzip:   1.12 kB
.nuxt/dist/client/_nuxt/archive.8fYC01HZ.css                 5.19 kB │ gzip:   1.22 kB
.nuxt/dist/client/_nuxt/gallery.Da25zvMu.css                 5.97 kB │ gzip:   1.45 kB
.nuxt/dist/client/_nuxt/PostCard.C3RP98ic.css                6.31 kB │ gzip:   1.40 kB
.nuxt/dist/client/_nuxt/about.Btk4Xmtc.css                   7.11 kB │ gzip:   1.48 kB
.nuxt/dist/client/_nuxt/RootLayout.Hq3eOv4M.css              8.15 kB │ gzip:   1.89 kB
.nuxt/dist/client/_nuxt/default.Bk1vSwZA.css                 8.16 kB │ gzip:   1.86 kB
.nuxt/dist/client/_nuxt/RootLayout.-80ytXpg.css             10.17 kB │ gzip:   2.09 kB
.nuxt/dist/client/_nuxt/pages.CgPuVwiH.css                  11.35 kB │ gzip:   2.22 kB
.nuxt/dist/client/_nuxt/useFlashNotes.DOBZZCM9.css          12.93 kB │ gzip:   2.62 kB
.nuxt/dist/client/_nuxt/StatusFooter.NRKyxNKk.css           17.14 kB │ gzip:   2.96 kB
.nuxt/dist/client/_nuxt/flash.kauab1Ab.css                  20.60 kB │ gzip:   3.38 kB
.nuxt/dist/client/_nuxt/MomentTopicCard.C-1hS8mF.css        23.80 kB │ gzip:   3.93 kB
.nuxt/dist/client/_nuxt/guestbook.D_z76BBl.css              29.78 kB │ gzip:   4.62 kB
.nuxt/dist/client/_nuxt/FlashEditor.DCwgM9Ar.css            32.39 kB │ gzip:   7.58 kB
.nuxt/dist/client/_nuxt/_id_.ZVUaAJXA.css                   97.02 kB │ gzip:  11.35 kB
.nuxt/dist/client/_nuxt/tabs.D06DG9pv.css                  106.09 kB │ gzip:  14.94 kB
.nuxt/dist/client/_nuxt/entry.C2xYtdtG.css                 117.26 kB │ gzip:  22.56 kB
.nuxt/dist/client/_nuxt/CNs_Ozdc.js                          0.02 kB │ gzip:   0.04 kB
.nuxt/dist/client/_nuxt/BDNMzG2s.js                          0.08 kB │ gzip:   0.09 kB
.nuxt/dist/client/_nuxt/NDwg4LW0.js                          0.08 kB │ gzip:   0.09 kB
.nuxt/dist/client/_nuxt/B80z5-Rh.js                          0.10 kB │ gzip:   0.11 kB
.nuxt/dist/client/_nuxt/sdKGXw-A.js                          0.11 kB │ gzip:   0.11 kB
.nuxt/dist/client/_nuxt/PK-nNCIp.js                          0.15 kB │ gzip:   0.14 kB
.nuxt/dist/client/_nuxt/CuX7ksPO.js                          0.17 kB │ gzip:   0.15 kB
.nuxt/dist/client/_nuxt/Dv4vMUMY.js                          0.17 kB │ gzip:   0.15 kB
.nuxt/dist/client/_nuxt/Cioz2IeP.js                          0.17 kB │ gzip:   0.15 kB
.nuxt/dist/client/_nuxt/BJEu1jm3.js                          0.24 kB │ gzip:   0.21 kB
.nuxt/dist/client/_nuxt/BvnW9XtM.js                          0.24 kB │ gzip:   0.21 kB
.nuxt/dist/client/_nuxt/Dye6XXTD.js                          0.24 kB │ gzip:   0.21 kB
.nuxt/dist/client/_nuxt/quC2VhwT.js                          0.25 kB │ gzip:   0.24 kB
.nuxt/dist/client/_nuxt/BgPndBCW.js                          0.25 kB │ gzip:   0.22 kB
.nuxt/dist/client/_nuxt/Csg3vOym.js                          0.25 kB │ gzip:   0.22 kB
.nuxt/dist/client/_nuxt/G8SY3_Lk.js                          0.25 kB │ gzip:   0.25 kB
.nuxt/dist/client/_nuxt/B5OIMptq.js                          0.28 kB │ gzip:   0.21 kB
.nuxt/dist/client/_nuxt/Bh4A0vxW.js                          0.31 kB │ gzip:   0.26 kB
.nuxt/dist/client/_nuxt/BdvwJuS1.js                          0.32 kB │ gzip:   0.21 kB
.nuxt/dist/client/_nuxt/DGDoroHZ.js                          0.37 kB │ gzip:   0.27 kB
.nuxt/dist/client/_nuxt/Dmam9xJk.js                          0.39 kB │ gzip:   0.30 kB
.nuxt/dist/client/_nuxt/Cmd3aFo6.js                          0.41 kB │ gzip:   0.28 kB
.nuxt/dist/client/_nuxt/CAQoCVUf.js                          0.49 kB │ gzip:   0.32 kB
.nuxt/dist/client/_nuxt/YQUFpMYd.js                          0.51 kB │ gzip:   0.35 kB
.nuxt/dist/client/_nuxt/C3hwPOBD.js                          0.51 kB │ gzip:   0.33 kB
.nuxt/dist/client/_nuxt/C8r90Shi.js                          0.54 kB │ gzip:   0.31 kB
.nuxt/dist/client/_nuxt/CoqVnvIh.js                          0.56 kB │ gzip:   0.38 kB
.nuxt/dist/client/_nuxt/B8t2zmFv.js                          0.56 kB │ gzip:   0.37 kB
.nuxt/dist/client/_nuxt/DAcC_Qu-.js                          0.62 kB │ gzip:   0.42 kB
.nuxt/dist/client/_nuxt/DK0P-DoO.js                          0.63 kB │ gzip:   0.38 kB
.nuxt/dist/client/_nuxt/BK9HXUqp.js                          0.65 kB │ gzip:   0.48 kB
.nuxt/dist/client/_nuxt/DxRgknEy.js                          0.70 kB │ gzip:   0.42 kB
.nuxt/dist/client/_nuxt/0kC_0DuC.js                          0.71 kB │ gzip:   0.43 kB
.nuxt/dist/client/_nuxt/sltzmVWM.js                          0.73 kB │ gzip:   0.33 kB
.nuxt/dist/client/_nuxt/_9Dh55Cw.js                          0.78 kB │ gzip:   0.51 kB
.nuxt/dist/client/_nuxt/XmUQVzqo.js                          0.79 kB │ gzip:   0.43 kB
.nuxt/dist/client/_nuxt/DFJGsToI.js                          0.83 kB │ gzip:   0.45 kB
.nuxt/dist/client/_nuxt/BEd_PYLJ.js                          0.86 kB │ gzip:   0.53 kB
.nuxt/dist/client/_nuxt/DF9aufo-.js                          0.96 kB │ gzip:   0.57 kB
.nuxt/dist/client/_nuxt/D9xthOl5.js                          0.97 kB │ gzip:   0.54 kB
.nuxt/dist/client/_nuxt/uRfwYP_-.js                          0.97 kB │ gzip:   0.43 kB
.nuxt/dist/client/_nuxt/DCQb3MpD.js                          0.99 kB │ gzip:   0.44 kB
.nuxt/dist/client/_nuxt/BVs8lHB4.js                          1.00 kB │ gzip:   0.62 kB
.nuxt/dist/client/_nuxt/DA2n7Qin.js                          1.02 kB │ gzip:   0.70 kB
.nuxt/dist/client/_nuxt/Dx-8-gkx.js                          1.13 kB │ gzip:   0.36 kB
.nuxt/dist/client/_nuxt/HclGiUj8.js                          1.21 kB │ gzip:   0.67 kB
.nuxt/dist/client/_nuxt/DDqZBno9.js                          1.22 kB │ gzip:   0.52 kB
.nuxt/dist/client/_nuxt/DSIgZbs8.js                          1.28 kB │ gzip:   0.87 kB
.nuxt/dist/client/_nuxt/DXplT9If.js                          1.35 kB │ gzip:   0.49 kB
.nuxt/dist/client/_nuxt/c00SOFyj.js                          1.38 kB │ gzip:   0.79 kB
.nuxt/dist/client/_nuxt/DyAnA2Ri.js                          1.41 kB │ gzip:   0.72 kB
.nuxt/dist/client/_nuxt/_5a1GRtc.js                          1.41 kB │ gzip:   0.52 kB
.nuxt/dist/client/_nuxt/B5B4dYe2.js                          1.47 kB │ gzip:   0.80 kB
.nuxt/dist/client/_nuxt/CRLm9DwH.js                          1.47 kB │ gzip:   0.76 kB
.nuxt/dist/client/_nuxt/BA_uUGzs.js                          1.50 kB │ gzip:   0.78 kB
.nuxt/dist/client/_nuxt/B5eOa1yu.js                          1.51 kB │ gzip:   0.49 kB
.nuxt/dist/client/_nuxt/DAqQk4H2.js                          1.55 kB │ gzip:   0.85 kB
.nuxt/dist/client/_nuxt/C1-ysNXW.js                          1.58 kB │ gzip:   0.88 kB
.nuxt/dist/client/_nuxt/R4sQ-3Hc.js                          1.64 kB │ gzip:   0.68 kB
.nuxt/dist/client/_nuxt/BME9VAYD.js                          1.65 kB │ gzip:   0.83 kB
.nuxt/dist/client/_nuxt/IyjqRm3v.js                          1.73 kB │ gzip:   0.59 kB
.nuxt/dist/client/_nuxt/ilklEE2B.js                          1.75 kB │ gzip:   0.90 kB
.nuxt/dist/client/_nuxt/Dlh5hvp9.js                          1.82 kB │ gzip:   0.75 kB
.nuxt/dist/client/_nuxt/wvJwzXq4.js                          1.85 kB │ gzip:   0.78 kB
.nuxt/dist/client/_nuxt/Bczc5xTa.js                          1.88 kB │ gzip:   0.89 kB
.nuxt/dist/client/_nuxt/DKUc2Bu0.js                          1.91 kB │ gzip:   1.04 kB
.nuxt/dist/client/_nuxt/DBskV2xk.js                          1.91 kB │ gzip:   1.18 kB
.nuxt/dist/client/_nuxt/Ck3W_vxe.js                          2.05 kB │ gzip:   1.04 kB
.nuxt/dist/client/_nuxt/BvKmAwn4.js                          2.06 kB │ gzip:   0.94 kB
.nuxt/dist/client/_nuxt/DOCH9GCR.js                          2.07 kB │ gzip:   1.12 kB
.nuxt/dist/client/_nuxt/BATBiKVD.js                          2.12 kB │ gzip:   0.61 kB
.nuxt/dist/client/_nuxt/C8pVoKbM.js                          2.15 kB │ gzip:   1.08 kB
.nuxt/dist/client/_nuxt/DXw9l8Rf.js                          2.23 kB │ gzip:   0.61 kB
.nuxt/dist/client/_nuxt/BXJOXXgW.js                          2.27 kB │ gzip:   0.66 kB
.nuxt/dist/client/_nuxt/CRGYupPL.js                          2.33 kB │ gzip:   0.69 kB
.nuxt/dist/client/_nuxt/BBrmr7Cz.js                          2.34 kB │ gzip:   1.24 kB
.nuxt/dist/client/_nuxt/BH4Yvdae.js                          2.38 kB │ gzip:   1.26 kB
.nuxt/dist/client/_nuxt/ByKFtfrB.js                          2.54 kB │ gzip:   1.20 kB
.nuxt/dist/client/_nuxt/DVCdqge8.js                          2.55 kB │ gzip:   1.34 kB
.nuxt/dist/client/_nuxt/woXpYk--.js                          2.56 kB │ gzip:   0.68 kB
.nuxt/dist/client/_nuxt/CSRkHgEL.js                          2.57 kB │ gzip:   0.81 kB
.nuxt/dist/client/_nuxt/CZbG8q4J.js                          2.64 kB │ gzip:   1.17 kB
.nuxt/dist/client/_nuxt/LF-9R77R.js                          2.80 kB │ gzip:   1.14 kB
.nuxt/dist/client/_nuxt/BUDT5pXO.js                          2.81 kB │ gzip:   1.00 kB
.nuxt/dist/client/_nuxt/BNLmms1o.js                          2.84 kB │ gzip:   0.89 kB
.nuxt/dist/client/_nuxt/z4RUbL8R.js                          2.87 kB │ gzip:   0.81 kB
.nuxt/dist/client/_nuxt/CA96_NUW.js                          2.92 kB │ gzip:   0.79 kB
.nuxt/dist/client/_nuxt/C5h-7ceE.js                          2.94 kB │ gzip:   1.45 kB
.nuxt/dist/client/_nuxt/DKpUyyne.js                          2.99 kB │ gzip:   0.80 kB
.nuxt/dist/client/_nuxt/CmCQp5Yx.js                          3.00 kB │ gzip:   0.78 kB
.nuxt/dist/client/_nuxt/YWNt_PE-.js                          3.04 kB │ gzip:   1.39 kB
.nuxt/dist/client/_nuxt/CYpm1nAK.js                          3.10 kB │ gzip:   0.78 kB
.nuxt/dist/client/_nuxt/Cluzi2Zq.js                          3.12 kB │ gzip:   1.46 kB
.nuxt/dist/client/_nuxt/BiJDBrnU.js                          3.23 kB │ gzip:   0.90 kB
.nuxt/dist/client/_nuxt/BR5RXkoi.js                          3.24 kB │ gzip:   0.82 kB
.nuxt/dist/client/_nuxt/BMqwQI7S.js                          3.25 kB │ gzip:   1.17 kB
.nuxt/dist/client/_nuxt/DMoTqEGO.js                          3.28 kB │ gzip:   0.84 kB
.nuxt/dist/client/_nuxt/C0MpOrj4.js                          3.30 kB │ gzip:   0.72 kB
.nuxt/dist/client/_nuxt/HrI9e4Ei.js                          3.31 kB │ gzip:   1.70 kB
.nuxt/dist/client/_nuxt/CV2tkWYe.js                          3.34 kB │ gzip:   1.20 kB
.nuxt/dist/client/_nuxt/BtDbiS_P.js                          3.36 kB │ gzip:   1.10 kB
.nuxt/dist/client/_nuxt/zf12oZj6.js                          3.36 kB │ gzip:   1.18 kB
.nuxt/dist/client/_nuxt/BC2Px7Mm.js                          3.42 kB │ gzip:   1.51 kB
.nuxt/dist/client/_nuxt/CIP-m60T.js                          3.49 kB │ gzip:   1.08 kB
.nuxt/dist/client/_nuxt/C03EYrpw.js                          3.60 kB │ gzip:   0.89 kB
.nuxt/dist/client/_nuxt/BgfXC-Er.js                          3.61 kB │ gzip:   1.59 kB
.nuxt/dist/client/_nuxt/CJTPZ8u_.js                          3.61 kB │ gzip:   1.03 kB
.nuxt/dist/client/_nuxt/CsD5j6eV.js                          3.62 kB │ gzip:   1.03 kB
.nuxt/dist/client/_nuxt/_X_XdTYD.js                          3.66 kB │ gzip:   1.09 kB
.nuxt/dist/client/_nuxt/wM81NB9P.js                          3.68 kB │ gzip:   1.44 kB
.nuxt/dist/client/_nuxt/ByJddavk.js                          3.69 kB │ gzip:   0.96 kB
.nuxt/dist/client/_nuxt/cF4QuRNz.js                          3.75 kB │ gzip:   1.68 kB
.nuxt/dist/client/_nuxt/8Cvgj_YG.js                          3.81 kB │ gzip:   2.02 kB
.nuxt/dist/client/_nuxt/CYsw-vGQ.js                          3.82 kB │ gzip:   1.72 kB
.nuxt/dist/client/_nuxt/CtMVZfcM.js                          3.84 kB │ gzip:   1.92 kB
.nuxt/dist/client/_nuxt/BnlCZFoB.js                          3.90 kB │ gzip:   1.28 kB
.nuxt/dist/client/_nuxt/VUp2lXgN.js                          3.90 kB │ gzip:   0.97 kB
.nuxt/dist/client/_nuxt/ilITqXS6.js                          3.99 kB │ gzip:   1.47 kB
.nuxt/dist/client/_nuxt/4ZHwLPI5.js                          4.14 kB │ gzip:   1.67 kB
.nuxt/dist/client/_nuxt/C2X_h-9W.js                          4.38 kB │ gzip:   1.04 kB
.nuxt/dist/client/_nuxt/CZd0xW_V.js                          4.42 kB │ gzip:   1.50 kB
.nuxt/dist/client/_nuxt/C5JeTiTv.js                          4.49 kB │ gzip:   1.15 kB
.nuxt/dist/client/_nuxt/CAekHB0j.js                          4.51 kB │ gzip:   1.05 kB
.nuxt/dist/client/_nuxt/Bs1SH7p_.js                          4.55 kB │ gzip:   2.03 kB
.nuxt/dist/client/_nuxt/C7UOKdEL.js                          4.66 kB │ gzip:   1.12 kB
.nuxt/dist/client/_nuxt/bTVj8UrX.js                          4.69 kB │ gzip:   2.00 kB
.nuxt/dist/client/_nuxt/DQxkIbk2.js                          4.76 kB │ gzip:   1.53 kB
.nuxt/dist/client/_nuxt/Ci_nEsc7.js                          4.78 kB │ gzip:   0.83 kB
.nuxt/dist/client/_nuxt/SYY392U9.js                          4.89 kB │ gzip:   2.07 kB
.nuxt/dist/client/_nuxt/Do_2nJvj.js                          4.91 kB │ gzip:   2.10 kB
.nuxt/dist/client/_nuxt/DqHOMS-s.js                          5.03 kB │ gzip:   2.01 kB
.nuxt/dist/client/_nuxt/DMrEdvgK.js                          5.09 kB │ gzip:   2.26 kB
.nuxt/dist/client/_nuxt/iX2V2E0v.js                          5.13 kB │ gzip:   2.11 kB
.nuxt/dist/client/_nuxt/BsKzXJz4.js                          5.13 kB │ gzip:   1.38 kB
.nuxt/dist/client/_nuxt/BCNUyKfg.js                          5.26 kB │ gzip:   1.32 kB
.nuxt/dist/client/_nuxt/CTI1M_6M.js                          5.32 kB │ gzip:   1.38 kB
.nuxt/dist/client/_nuxt/CMLA9XwU.js                          5.33 kB │ gzip:   1.55 kB
.nuxt/dist/client/_nuxt/BkyTk9wS.js                          5.35 kB │ gzip:   2.21 kB
.nuxt/dist/client/_nuxt/CUHmPFLl.js                          5.37 kB │ gzip:   1.14 kB
.nuxt/dist/client/_nuxt/Cc4JzLwH.js                          5.42 kB │ gzip:   1.23 kB
.nuxt/dist/client/_nuxt/BWXHIvNe.js                          5.45 kB │ gzip:   1.37 kB
.nuxt/dist/client/_nuxt/viQJgCop.js                          5.62 kB │ gzip:   1.36 kB
.nuxt/dist/client/_nuxt/CewbzKMR.js                          5.77 kB │ gzip:   1.91 kB
.nuxt/dist/client/_nuxt/DNMTfnFr.js                          5.89 kB │ gzip:   1.51 kB
.nuxt/dist/client/_nuxt/4Rifxk1h.js                          5.91 kB │ gzip:   2.08 kB
.nuxt/dist/client/_nuxt/ClKdZ_lG.js                          5.94 kB │ gzip:   1.71 kB
.nuxt/dist/client/_nuxt/DuBRPxYg.js                          6.03 kB │ gzip:   1.95 kB
.nuxt/dist/client/_nuxt/DOwzaHZ0.js                          6.06 kB │ gzip:   2.32 kB
.nuxt/dist/client/_nuxt/Dd316NQa.js                          6.09 kB │ gzip:   2.76 kB
.nuxt/dist/client/_nuxt/DnGHUBFn.js                          6.28 kB │ gzip:   2.94 kB
.nuxt/dist/client/_nuxt/BSWPekZh.js                          6.28 kB │ gzip:   1.70 kB
.nuxt/dist/client/_nuxt/CBce3t8t.js                          6.31 kB │ gzip:   1.72 kB
.nuxt/dist/client/_nuxt/4CJ0cIlV.js                          6.35 kB │ gzip:   1.80 kB
.nuxt/dist/client/_nuxt/B2gwz-sJ.js                          6.40 kB │ gzip:   1.92 kB
.nuxt/dist/client/_nuxt/DqKBuwfJ.js                          6.40 kB │ gzip:   1.41 kB
.nuxt/dist/client/_nuxt/BXeXVLqQ.js                          6.41 kB │ gzip:   1.90 kB
.nuxt/dist/client/_nuxt/DX1BQOs8.js                          6.41 kB │ gzip:   1.63 kB
.nuxt/dist/client/_nuxt/CcmNWLt0.js                          6.41 kB │ gzip:   1.28 kB
.nuxt/dist/client/_nuxt/HkTwXAr0.js                          6.50 kB │ gzip:   2.71 kB
.nuxt/dist/client/_nuxt/DB4EqR-F.js                          6.54 kB │ gzip:   1.41 kB
.nuxt/dist/client/_nuxt/Crny2iDb.js                          6.60 kB │ gzip:   2.77 kB
.nuxt/dist/client/_nuxt/Dp70Uwh_.js                          6.62 kB │ gzip:   1.85 kB
.nuxt/dist/client/_nuxt/C1IUL_tW.js                          6.62 kB │ gzip:   1.74 kB
.nuxt/dist/client/_nuxt/CohzipZa.js                          6.75 kB │ gzip:   1.48 kB
.nuxt/dist/client/_nuxt/BLD2LNVZ.js                          6.78 kB │ gzip:   1.88 kB
.nuxt/dist/client/_nuxt/Ckw8ddFX.js                          6.90 kB │ gzip:   1.97 kB
.nuxt/dist/client/_nuxt/VmZQiwEX.js                          6.91 kB │ gzip:   1.62 kB
.nuxt/dist/client/_nuxt/DDpmG2fV.js                          6.96 kB │ gzip:   1.88 kB
.nuxt/dist/client/_nuxt/UdsmMDCL.js                          6.99 kB │ gzip:   1.81 kB
.nuxt/dist/client/_nuxt/JiY3j3CX.js                          7.00 kB │ gzip:   2.61 kB
.nuxt/dist/client/_nuxt/CL5oQjz-.js                          7.09 kB │ gzip:   2.86 kB
.nuxt/dist/client/_nuxt/DQCgrYNe.js                          7.16 kB │ gzip:   2.04 kB
.nuxt/dist/client/_nuxt/CpsIyvzz.js                          7.17 kB │ gzip:   3.22 kB
.nuxt/dist/client/_nuxt/Cvrh5tZx.js                          7.25 kB │ gzip:   2.18 kB
.nuxt/dist/client/_nuxt/BeMvom6O.js                          7.29 kB │ gzip:   2.90 kB
.nuxt/dist/client/_nuxt/BNu9ufJL.js                          7.32 kB │ gzip:   2.95 kB
.nuxt/dist/client/_nuxt/CI0PA9pR.js                          7.44 kB │ gzip:   3.05 kB
.nuxt/dist/client/_nuxt/Fe1Jh2GI.js                          7.46 kB │ gzip:   2.57 kB
.nuxt/dist/client/_nuxt/DMgNhnYS.js                          7.73 kB │ gzip:   1.48 kB
.nuxt/dist/client/_nuxt/DfzOSjfu.js                          7.81 kB │ gzip:   3.42 kB
.nuxt/dist/client/_nuxt/BxMlprV5.js                          7.86 kB │ gzip:   2.54 kB
.nuxt/dist/client/_nuxt/B_bV9PQ9.js                          8.02 kB │ gzip:   1.93 kB
.nuxt/dist/client/_nuxt/2Zx11MvS.js                          8.03 kB │ gzip:   1.45 kB
.nuxt/dist/client/_nuxt/CzNnCsti.js                          8.06 kB │ gzip:   3.33 kB
.nuxt/dist/client/_nuxt/DQGfZIDh.js                          8.13 kB │ gzip:   3.42 kB
.nuxt/dist/client/_nuxt/DJv9Gei2.js                          8.22 kB │ gzip:   3.57 kB
.nuxt/dist/client/_nuxt/oqrMcITF.js                          8.30 kB │ gzip:   1.84 kB
.nuxt/dist/client/_nuxt/mot2lhSY.js                          8.39 kB │ gzip:   2.98 kB
.nuxt/dist/client/_nuxt/DKvVQkZ_.js                          8.46 kB │ gzip:   1.67 kB
.nuxt/dist/client/_nuxt/DGHpHOYJ.js                          8.50 kB │ gzip:   2.99 kB
.nuxt/dist/client/_nuxt/B6rhDGkF.js                          8.56 kB │ gzip:   3.41 kB
.nuxt/dist/client/_nuxt/CnvKMtbv.js                          8.61 kB │ gzip:   1.99 kB
.nuxt/dist/client/_nuxt/hY-ZyYnk.js                          8.64 kB │ gzip:   3.97 kB
.nuxt/dist/client/_nuxt/CE9ld1lL.js                          8.77 kB │ gzip:   1.94 kB
.nuxt/dist/client/_nuxt/DhhofPvG.js                          8.77 kB │ gzip:   2.12 kB
.nuxt/dist/client/_nuxt/DSNQnXHK.js                          8.78 kB │ gzip:   1.96 kB
.nuxt/dist/client/_nuxt/Cz2KZGMg.js                          8.79 kB │ gzip:   3.68 kB
.nuxt/dist/client/_nuxt/Dixweg8N.js                          8.95 kB │ gzip:   1.76 kB
.nuxt/dist/client/_nuxt/vGVdxbeo.js                          9.01 kB │ gzip:   2.35 kB
.nuxt/dist/client/_nuxt/CylkbWk_.js                          9.06 kB │ gzip:   3.81 kB
.nuxt/dist/client/_nuxt/Cs2F2srj.js                          9.09 kB │ gzip:   2.10 kB
.nuxt/dist/client/_nuxt/DnToyrRv.js                          9.11 kB │ gzip:   1.96 kB
.nuxt/dist/client/_nuxt/Dgaz7aur.js                          9.12 kB │ gzip:   1.51 kB
.nuxt/dist/client/_nuxt/DXrisJhu.js                          9.28 kB │ gzip:   2.48 kB
.nuxt/dist/client/_nuxt/DQwYfKfQ.js                          9.29 kB │ gzip:   1.96 kB
.nuxt/dist/client/_nuxt/eMLLjbBW.js                          9.37 kB │ gzip:   4.08 kB
.nuxt/dist/client/_nuxt/B2OO5cIa.js                          9.42 kB │ gzip:   2.08 kB
.nuxt/dist/client/_nuxt/AlHD7AV2.js                          9.43 kB │ gzip:   3.85 kB
.nuxt/dist/client/_nuxt/ZJRuk1Qh.js                          9.68 kB │ gzip:   1.86 kB
.nuxt/dist/client/_nuxt/DrdQorcO.js                          9.71 kB │ gzip:   3.09 kB
.nuxt/dist/client/_nuxt/Bj61d0ZC.js                          9.84 kB │ gzip:   3.37 kB
.nuxt/dist/client/_nuxt/DVQuIRkW.js                          9.93 kB │ gzip:   2.27 kB
.nuxt/dist/client/_nuxt/Dh228itO.js                         10.04 kB │ gzip:   1.93 kB
.nuxt/dist/client/_nuxt/Ce9_GzIy.js                         10.16 kB │ gzip:   3.99 kB
.nuxt/dist/client/_nuxt/DzWz4YTQ.js                         10.24 kB │ gzip:   2.21 kB
.nuxt/dist/client/_nuxt/ot-7Btpt.js                         10.36 kB │ gzip:   1.37 kB
.nuxt/dist/client/_nuxt/D-usSTwE.js                         10.36 kB │ gzip:   1.43 kB
.nuxt/dist/client/_nuxt/DJMQeKeT.js                         10.43 kB │ gzip:   2.13 kB
.nuxt/dist/client/_nuxt/DW3nJb8Q.js                         10.46 kB │ gzip:   2.25 kB
.nuxt/dist/client/_nuxt/B3gFvitq.js                         10.46 kB │ gzip:   2.94 kB
.nuxt/dist/client/_nuxt/zuT3iF1-.js                         10.55 kB │ gzip:   2.30 kB
.nuxt/dist/client/_nuxt/CaajXQSP.js                         10.78 kB │ gzip:   2.59 kB
.nuxt/dist/client/_nuxt/Dv_Jb2vo.js                         10.94 kB │ gzip:   2.09 kB
.nuxt/dist/client/_nuxt/EUqPIrTm.js                         11.18 kB │ gzip:   2.49 kB
.nuxt/dist/client/_nuxt/iXnhIJG7.js                         11.34 kB │ gzip:   3.84 kB
.nuxt/dist/client/_nuxt/DswuEJGm.js                         11.38 kB │ gzip:   2.51 kB
.nuxt/dist/client/_nuxt/C-LZuMrd.js                         11.40 kB │ gzip:   2.53 kB
.nuxt/dist/client/_nuxt/CDv2pdJW.js                         11.43 kB │ gzip:   2.10 kB
.nuxt/dist/client/_nuxt/C_8bwKvT.js                         11.49 kB │ gzip:   2.57 kB
.nuxt/dist/client/_nuxt/DExj1W_8.js                         11.93 kB │ gzip:   5.04 kB
.nuxt/dist/client/_nuxt/ByWQv1Qj.js                         12.00 kB │ gzip:   2.17 kB
.nuxt/dist/client/_nuxt/CxZEssPk.js                         12.04 kB │ gzip:   1.64 kB
.nuxt/dist/client/_nuxt/DQFoQ7C_.js                         12.05 kB │ gzip:   3.29 kB
.nuxt/dist/client/_nuxt/D5A0Cprt.js                         12.13 kB │ gzip:   2.36 kB
.nuxt/dist/client/_nuxt/U0d_L8uA.js                         12.44 kB │ gzip:   3.71 kB
.nuxt/dist/client/_nuxt/DdrHHSXu.js                         12.73 kB │ gzip:   1.99 kB
.nuxt/dist/client/_nuxt/qdxAdBWQ.js                         12.88 kB │ gzip:   3.23 kB
.nuxt/dist/client/_nuxt/CPlDeEja.js                         12.97 kB │ gzip:   5.42 kB
.nuxt/dist/client/_nuxt/BJitypiv.js                         13.03 kB │ gzip:   1.73 kB
.nuxt/dist/client/_nuxt/CjNLYCLg.js                         13.11 kB │ gzip:   4.06 kB
.nuxt/dist/client/_nuxt/CiFG5Bcx.js                         13.14 kB │ gzip:   5.58 kB
.nuxt/dist/client/_nuxt/DBj4K9d_.js                         13.32 kB │ gzip:   2.75 kB
.nuxt/dist/client/_nuxt/VbXTXTou.js                         13.61 kB │ gzip:   3.03 kB
.nuxt/dist/client/_nuxt/CDeNXAV0.js                         13.65 kB │ gzip:   2.28 kB
.nuxt/dist/client/_nuxt/fwtXNY1n.js                         13.67 kB │ gzip:   3.05 kB
.nuxt/dist/client/_nuxt/BZCL-v6S.js                         13.75 kB │ gzip:   3.06 kB
.nuxt/dist/client/_nuxt/6fa_YvRs.js                         13.82 kB │ gzip:   2.57 kB
.nuxt/dist/client/_nuxt/ClxHBGl-.js                         13.86 kB │ gzip:   5.10 kB
.nuxt/dist/client/_nuxt/nFMaYfgc.js                         14.03 kB │ gzip:   2.85 kB
.nuxt/dist/client/_nuxt/CxJbxUiN.js                         14.06 kB │ gzip:   5.14 kB
.nuxt/dist/client/_nuxt/BHpQb5nM.js                         14.11 kB │ gzip:   2.14 kB
.nuxt/dist/client/_nuxt/BXViO-2h.js                         14.15 kB │ gzip:   3.02 kB
.nuxt/dist/client/_nuxt/B68TUdTA.js                         14.27 kB │ gzip:   3.00 kB
.nuxt/dist/client/_nuxt/CtfBBspg.js                         14.35 kB │ gzip:   2.50 kB
.nuxt/dist/client/_nuxt/Bx1FflLF.js                         14.43 kB │ gzip:   3.11 kB
.nuxt/dist/client/_nuxt/DXG-b-1a.js                         14.43 kB │ gzip:   3.12 kB
.nuxt/dist/client/_nuxt/B_tTalzw.js                         14.59 kB │ gzip:   3.07 kB
.nuxt/dist/client/_nuxt/7GGW24-e.js                         14.77 kB │ gzip:   3.27 kB
.nuxt/dist/client/_nuxt/Cfkwpbl8.js                         15.06 kB │ gzip:   2.71 kB
.nuxt/dist/client/_nuxt/Dmt5AHbt.js                         15.08 kB │ gzip:   6.16 kB
.nuxt/dist/client/_nuxt/C7mF5XQf.js                         15.16 kB │ gzip:   3.92 kB
.nuxt/dist/client/_nuxt/IvuFDN5E.js                         15.50 kB │ gzip:   2.47 kB
.nuxt/dist/client/_nuxt/Cs6JJXT5.js                         15.53 kB │ gzip:   2.70 kB
.nuxt/dist/client/_nuxt/B6RhFR-w.js                         15.58 kB │ gzip:   3.18 kB
.nuxt/dist/client/_nuxt/CLvhMVsD.js                         15.84 kB │ gzip:   5.93 kB
.nuxt/dist/client/_nuxt/D7qyCx1q.js                         16.07 kB │ gzip:   3.06 kB
.nuxt/dist/client/_nuxt/C2pBCSgt.js                         16.13 kB │ gzip:   3.54 kB
.nuxt/dist/client/_nuxt/CE9AQfxI.js                         16.19 kB │ gzip:   2.04 kB
.nuxt/dist/client/_nuxt/ZsgXoEtg.js                         16.25 kB │ gzip:   2.76 kB
.nuxt/dist/client/_nuxt/DxKCRrq2.js                         16.26 kB │ gzip:   5.83 kB
.nuxt/dist/client/_nuxt/Bj7E1mRn.js                         16.40 kB │ gzip:   3.14 kB
.nuxt/dist/client/_nuxt/CxHRBGiD.js                         16.50 kB │ gzip:   2.03 kB
.nuxt/dist/client/_nuxt/B1RWQWA5.js                         16.50 kB │ gzip:   2.92 kB
.nuxt/dist/client/_nuxt/BCJxVNyn.js                         16.58 kB │ gzip:   6.50 kB
.nuxt/dist/client/_nuxt/BML5mF2J.js                         17.11 kB │ gzip:   2.90 kB
.nuxt/dist/client/_nuxt/BmuOG9ZW.js                         17.11 kB │ gzip:   2.91 kB
.nuxt/dist/client/_nuxt/Bozd7klA.js                         17.12 kB │ gzip:   2.92 kB
.nuxt/dist/client/_nuxt/BHCuPIv_.js                         17.41 kB │ gzip:   6.70 kB
.nuxt/dist/client/_nuxt/BYnGhZoM.js                         17.65 kB │ gzip:   3.06 kB
.nuxt/dist/client/_nuxt/BHC9tyHP.js                         18.04 kB │ gzip:   2.51 kB
.nuxt/dist/client/_nuxt/i8J1I5Xk.js                         18.07 kB │ gzip:   3.13 kB
.nuxt/dist/client/_nuxt/CaAXrRyo.js                         18.21 kB │ gzip:   3.12 kB
.nuxt/dist/client/_nuxt/Bm3Qr25_.js                         18.61 kB │ gzip:   3.10 kB
.nuxt/dist/client/_nuxt/2IIEA8gg.js                         18.62 kB │ gzip:   3.10 kB
.nuxt/dist/client/_nuxt/CHQ94UKr.js                         18.62 kB │ gzip:   3.12 kB
.nuxt/dist/client/_nuxt/uhdI0v04.js                         18.63 kB │ gzip:   3.10 kB
.nuxt/dist/client/_nuxt/B5W6OYN7.js                         18.63 kB │ gzip:   3.11 kB
.nuxt/dist/client/_nuxt/DYvRD3hg.js                         19.08 kB │ gzip:   3.76 kB
.nuxt/dist/client/_nuxt/CacY0gHj.js                         19.17 kB │ gzip:   3.59 kB
.nuxt/dist/client/_nuxt/BPhettmY.js                         20.05 kB │ gzip:   2.91 kB
.nuxt/dist/client/_nuxt/DilCeChk.js                         20.05 kB │ gzip:   2.92 kB
.nuxt/dist/client/_nuxt/CUs93LaD.js                         20.05 kB │ gzip:   6.79 kB
.nuxt/dist/client/_nuxt/DluEY0Gj.js                         20.07 kB │ gzip:   3.93 kB
.nuxt/dist/client/_nuxt/Bqwy1Gya.js                         20.08 kB │ gzip:   3.91 kB
.nuxt/dist/client/_nuxt/C3h-C4tm.js                         20.14 kB │ gzip:   3.89 kB
.nuxt/dist/client/_nuxt/CCSX75yM.js                         20.15 kB │ gzip:   4.05 kB
.nuxt/dist/client/_nuxt/DvXPmvsu.js                         20.35 kB │ gzip:   6.73 kB
.nuxt/dist/client/_nuxt/4G7pJPwS.js                         20.77 kB │ gzip:   3.80 kB
.nuxt/dist/client/_nuxt/DHYfO66s.js                         20.87 kB │ gzip:   5.36 kB
.nuxt/dist/client/_nuxt/BHWKrbxM.js                         21.06 kB │ gzip:   3.99 kB
.nuxt/dist/client/_nuxt/5eyTD99u.js                         21.07 kB │ gzip:   4.02 kB
.nuxt/dist/client/_nuxt/CrTqlTou.js                         21.10 kB │ gzip:   8.67 kB
.nuxt/dist/client/_nuxt/DdvCle-K.js                         21.46 kB │ gzip:   2.87 kB
.nuxt/dist/client/_nuxt/rpLgql-q.js                         21.47 kB │ gzip:   3.74 kB
.nuxt/dist/client/_nuxt/aMsaMD1D.js                         21.73 kB │ gzip:   3.88 kB
.nuxt/dist/client/_nuxt/DO-qXg-I.js                         21.74 kB │ gzip:   3.89 kB
.nuxt/dist/client/_nuxt/8PwUyIlP.js                         21.74 kB │ gzip:   3.89 kB
.nuxt/dist/client/_nuxt/D-RPCyHv.js                         22.41 kB │ gzip:   3.13 kB
.nuxt/dist/client/_nuxt/Cv5bFMCO.js                         22.57 kB │ gzip:   6.07 kB
.nuxt/dist/client/_nuxt/C820rvS2.js                         22.63 kB │ gzip:   4.15 kB
.nuxt/dist/client/_nuxt/MrdJrrXF.js                         22.63 kB │ gzip:   4.15 kB
.nuxt/dist/client/_nuxt/BC_s9l72.js                         22.63 kB │ gzip:   4.16 kB
.nuxt/dist/client/_nuxt/BSMLrYjP.js                         22.63 kB │ gzip:   4.16 kB
.nuxt/dist/client/_nuxt/BPjhmG05.js                         22.63 kB │ gzip:   4.15 kB
.nuxt/dist/client/_nuxt/BAWPOn9u.js                         22.63 kB │ gzip:   4.16 kB
.nuxt/dist/client/_nuxt/V5dAlub_.js                         23.47 kB │ gzip:   7.49 kB
.nuxt/dist/client/_nuxt/CQ2zXKGN.js                         23.66 kB │ gzip:   3.65 kB
.nuxt/dist/client/_nuxt/BQ6sVKHN.js                         23.98 kB │ gzip:   7.58 kB
.nuxt/dist/client/_nuxt/Cj5iFsq6.js                         24.00 kB │ gzip:   4.14 kB
.nuxt/dist/client/_nuxt/DleJwPgv.js                         24.04 kB │ gzip:   5.40 kB
.nuxt/dist/client/_nuxt/B62xM7NY.js                         24.22 kB │ gzip:   3.97 kB
.nuxt/dist/client/_nuxt/BroJfC0k.js                         24.25 kB │ gzip:   3.86 kB
.nuxt/dist/client/_nuxt/9MfHhQsQ.js                         24.67 kB │ gzip:   3.24 kB
.nuxt/dist/client/_nuxt/vQ9qQmaT.js                         24.90 kB │ gzip:   3.01 kB
.nuxt/dist/client/_nuxt/DgjMoLWr.js                         24.93 kB │ gzip:   3.76 kB
.nuxt/dist/client/_nuxt/BRdr0IET.js                         25.03 kB │ gzip:   2.62 kB
.nuxt/dist/client/_nuxt/Yf0g_uY-.js                         25.29 kB │ gzip:   4.12 kB
.nuxt/dist/client/_nuxt/D7Lr4KcI.js                         25.29 kB │ gzip:   3.63 kB
.nuxt/dist/client/_nuxt/DimcBvUs.js                         25.36 kB │ gzip:   9.29 kB
.nuxt/dist/client/_nuxt/DipYleIE.js                         25.46 kB │ gzip:   3.58 kB
.nuxt/dist/client/_nuxt/eJ-hLW7d.js                         25.89 kB │ gzip:   4.23 kB
.nuxt/dist/client/_nuxt/C-SB1HBt.js                         26.36 kB │ gzip:   9.49 kB
.nuxt/dist/client/_nuxt/D0apG41V.js                         26.37 kB │ gzip:   3.97 kB
.nuxt/dist/client/_nuxt/Dh5ihWbf.js                         26.54 kB │ gzip:   4.85 kB
.nuxt/dist/client/_nuxt/Cb4Vim4T.js                         26.72 kB │ gzip:   4.35 kB
.nuxt/dist/client/_nuxt/oeQT6MSM.js                         26.87 kB │ gzip:   3.79 kB
.nuxt/dist/client/_nuxt/Cr7g4o50.js                         27.24 kB │ gzip:   4.21 kB
.nuxt/dist/client/_nuxt/Dubd_ABh.js                         27.26 kB │ gzip:   4.29 kB
.nuxt/dist/client/_nuxt/CQJJ0J_G.js                         27.41 kB │ gzip:   6.34 kB
.nuxt/dist/client/_nuxt/rtO9IGkM.js                         27.44 kB │ gzip:   3.53 kB
.nuxt/dist/client/_nuxt/Cyrp-bJv.js                         28.10 kB │ gzip:  10.55 kB
.nuxt/dist/client/_nuxt/BiFt_7mu.js                         28.88 kB │ gzip:   3.93 kB
.nuxt/dist/client/_nuxt/DhmEMT88.js                         28.91 kB │ gzip:   5.14 kB
.nuxt/dist/client/_nuxt/DdWVywIE.js                         29.37 kB │ gzip:   4.42 kB
.nuxt/dist/client/_nuxt/CCn79oCD.js                         29.56 kB │ gzip:   5.94 kB
.nuxt/dist/client/_nuxt/BXkrhI6S.js                         30.92 kB │ gzip:  11.00 kB
.nuxt/dist/client/_nuxt/QAzpVeqE.js                         30.98 kB │ gzip:   4.29 kB
.nuxt/dist/client/_nuxt/B6D30XZt.js                         31.06 kB │ gzip:   8.01 kB
.nuxt/dist/client/_nuxt/CA9gdOdF.js                         31.43 kB │ gzip:   7.82 kB
.nuxt/dist/client/_nuxt/DRFjx7u4.js                         33.49 kB │ gzip:   5.49 kB
.nuxt/dist/client/_nuxt/CLwyXe_n.js                         33.78 kB │ gzip:   5.50 kB
.nuxt/dist/client/_nuxt/KYRAD2b_.js                         33.94 kB │ gzip:   8.35 kB
.nuxt/dist/client/_nuxt/CsQjoeUi.js                         35.34 kB │ gzip:   4.45 kB
.nuxt/dist/client/_nuxt/CsvMBhTu.js                         35.41 kB │ gzip:   5.76 kB
.nuxt/dist/client/_nuxt/BYxliN8h.js                         35.58 kB │ gzip:  12.46 kB
.nuxt/dist/client/_nuxt/oM2G3aXe.js                         35.66 kB │ gzip:   6.22 kB
.nuxt/dist/client/_nuxt/C8oCnwJJ.js                         35.94 kB │ gzip:   6.00 kB
.nuxt/dist/client/_nuxt/3MMMmMU-.js                         35.98 kB │ gzip:   3.51 kB
.nuxt/dist/client/_nuxt/DgbyTplR.js                         36.28 kB │ gzip:  14.55 kB
.nuxt/dist/client/_nuxt/CXuKk5E8.js                         37.46 kB │ gzip:   4.36 kB
.nuxt/dist/client/_nuxt/CYIUgYqB.js                         38.67 kB │ gzip:   8.49 kB
.nuxt/dist/client/_nuxt/C-f3o6El.js                         39.06 kB │ gzip:  10.88 kB
.nuxt/dist/client/_nuxt/Cmm7eHzH.js                         40.71 kB │ gzip:   8.16 kB
.nuxt/dist/client/_nuxt/D8IpX4py.js                         41.48 kB │ gzip:   6.41 kB
.nuxt/dist/client/_nuxt/XvrBd-Au.js                         41.52 kB │ gzip:   6.11 kB
.nuxt/dist/client/_nuxt/DZJ3mwtd.js                         43.11 kB │ gzip:   4.62 kB
.nuxt/dist/client/_nuxt/qD-0Kul2.js                         43.78 kB │ gzip:   8.43 kB
.nuxt/dist/client/_nuxt/_6rzW9BS.js                         45.05 kB │ gzip:   9.87 kB
.nuxt/dist/client/_nuxt/DibNN4iT.js                         46.53 kB │ gzip:   5.65 kB
.nuxt/dist/client/_nuxt/rLFTqkRN.js                         46.81 kB │ gzip:   5.14 kB
.nuxt/dist/client/_nuxt/KFGFyKwG.js                         47.88 kB │ gzip:   6.85 kB
.nuxt/dist/client/_nuxt/C5qYipkI.js                         48.07 kB │ gzip:   5.96 kB
.nuxt/dist/client/_nuxt/CVPu1hTp.js                         49.09 kB │ gzip:  11.94 kB
.nuxt/dist/client/_nuxt/DsUTQ-LC.js                         49.92 kB │ gzip:   9.47 kB
.nuxt/dist/client/_nuxt/DjuaAJKi.js                         50.84 kB │ gzip:   8.47 kB
.nuxt/dist/client/_nuxt/CtsyrtPq.js                         50.84 kB │ gzip:   8.48 kB
.nuxt/dist/client/_nuxt/C9Q5zVZY.js                         50.85 kB │ gzip:   8.48 kB
.nuxt/dist/client/_nuxt/R8nAf1vR.js                         50.85 kB │ gzip:   8.48 kB
.nuxt/dist/client/_nuxt/sB-x3p7T.js                         53.74 kB │ gzip:   8.37 kB
.nuxt/dist/client/_nuxt/Df2xbC6M.js                         53.74 kB │ gzip:   8.36 kB
.nuxt/dist/client/_nuxt/BxpfTIzt.js                         54.80 kB │ gzip:   4.79 kB
.nuxt/dist/client/_nuxt/ClFFjSW2.js                         55.87 kB │ gzip:   4.81 kB
.nuxt/dist/client/_nuxt/agnEtX0f.js                         56.98 kB │ gzip:  12.39 kB
.nuxt/dist/client/_nuxt/BddZlIIN.js                         57.29 kB │ gzip:  11.76 kB
.nuxt/dist/client/_nuxt/B7ZEbQpA.js                         58.68 kB │ gzip:   8.10 kB
.nuxt/dist/client/_nuxt/BYOwaDjH.js                         59.32 kB │ gzip:   5.66 kB
.nuxt/dist/client/_nuxt/O90oeIOV.js                         62.44 kB │ gzip:   5.04 kB
.nuxt/dist/client/_nuxt/fg40_ntQ.js                         69.51 kB │ gzip:   9.20 kB
.nuxt/dist/client/_nuxt/gzcpVVnB.js                         69.94 kB │ gzip:   9.09 kB
.nuxt/dist/client/_nuxt/CY6BsEa2.js                         72.16 kB │ gzip:  10.54 kB
.nuxt/dist/client/_nuxt/_DBC9X2v.js                         72.87 kB │ gzip:   6.74 kB
.nuxt/dist/client/_nuxt/CgoNMtux.js                         74.64 kB │ gzip:  10.69 kB
.nuxt/dist/client/_nuxt/BCTMiM3X.js                         79.55 kB │ gzip:  30.87 kB
.nuxt/dist/client/_nuxt/CM7LIEqA.js                         81.06 kB │ gzip:  26.44 kB
.nuxt/dist/client/_nuxt/CyEgAFGc.js                         87.22 kB │ gzip:  14.79 kB
.nuxt/dist/client/_nuxt/CYNrtFtB.js                         88.96 kB │ gzip:  11.18 kB
.nuxt/dist/client/_nuxt/oqKa8noW.js                         90.18 kB │ gzip:  10.71 kB
.nuxt/dist/client/_nuxt/DcIDlBhZ.js                         92.38 kB │ gzip:  15.07 kB
.nuxt/dist/client/_nuxt/CegXAjVH.js                         92.59 kB │ gzip:  23.52 kB
.nuxt/dist/client/_nuxt/DVTAwKKz.js                         97.62 kB │ gzip:  14.84 kB
.nuxt/dist/client/_nuxt/DeU97SRW.js                        104.92 kB │ gzip:  28.27 kB
.nuxt/dist/client/_nuxt/D1A_Heim.js                        105.40 kB │ gzip:  23.63 kB
.nuxt/dist/client/_nuxt/dtnCJNQY.js                        113.05 kB │ gzip:  28.82 kB
.nuxt/dist/client/_nuxt/k65is2On.js                        130.59 kB │ gzip:  56.92 kB
.nuxt/dist/client/_nuxt/SCjQUq34.js                        136.04 kB │ gzip:   9.45 kB
.nuxt/dist/client/_nuxt/DQZ5AkYe.js                        136.10 kB │ gzip:  23.54 kB
.nuxt/dist/client/_nuxt/BmO1VNQx.js                        138.38 kB │ gzip:  43.08 kB
.nuxt/dist/client/_nuxt/kpcyVNAu.js                        150.71 kB │ gzip:  55.76 kB
.nuxt/dist/client/_nuxt/DWjtY9fU.js                        163.13 kB │ gzip:  10.73 kB
.nuxt/dist/client/_nuxt/BsSzOQcm.js                        171.96 kB │ gzip:  30.98 kB
.nuxt/dist/client/_nuxt/DXM31ps9.js                        174.87 kB │ gzip:  16.67 kB
.nuxt/dist/client/_nuxt/DwGB6FPj.js                        175.58 kB │ gzip:  16.66 kB
.nuxt/dist/client/_nuxt/DKAVEm2W.js                        177.84 kB │ gzip:  16.76 kB
.nuxt/dist/client/_nuxt/BBr-qZfs.js                        181.12 kB │ gzip:  16.28 kB
.nuxt/dist/client/_nuxt/BaTjW-j8.js                        183.71 kB │ gzip:  16.77 kB
.nuxt/dist/client/_nuxt/nauo2lu-.js                        184.27 kB │ gzip:  57.45 kB
.nuxt/dist/client/_nuxt/DFFom3e2.js                        190.01 kB │ gzip:  18.04 kB
.nuxt/dist/client/_nuxt/DLL8P-h_.js                        262.38 kB │ gzip:  77.63 kB
.nuxt/dist/client/_nuxt/BnjxR4X6.js                        622.32 kB │ gzip: 232.09 kB
.nuxt/dist/client/_nuxt/BMI6ggiU.js                        785.51 kB │ gzip:  58.25 kB
.nuxt/dist/client/_nuxt/c_oH4hRZ.js                        790.00 kB │ gzip: 200.30 kB


 WARN  [INEFFECTIVE_DYNAMIC_IMPORT] app/features/post/mock.ts is dynamically imported by app/composables/useKeyboardShortcuts.ts but also statically imported by app/composables/useArticleComments.ts, app/composables/useArticleDetail.ts, app/composables/usePostList.ts, app/composables/usePostMetadata.ts, app/composables/useSearch.ts, ..., dynamic import will not move module into another chunk.



 WARN  [plugin builtin:vite-reporter]
(!) Some chunks are larger than 500 kB after minification. Consider:
- Using dynamic import() to code-split the application
- Use build.rolldownOptions.output.codeSplitting to improve chunking: https://rolldown.rs/reference/OutputOptions.codeSplitting
- Adjust chunk size limit for this warning via build.chunkSizeWarningLimit.


 WARN  [INEFFECTIVE_DYNAMIC_IMPORT] app/features/tab/export.ts is dynamically imported by app/components/tab/TabSettingsDrawer.vue?vue&type=script&setup=true&lang.ts but also statically imported by app/components/tab/TabImportDialog.vue?vue&type=script&setup=true&lang.ts, dynamic import will not move module into another chunk.


i ✓ built in 6.99s

 WARN  [PLUGIN_TIMINGS] Plugin hooks ran for 4.6s of this 7.0s build (66%).
5 hooks are listed without a time. Their calls overlapped, so the time inside one call includes work from other calls. To find their cost, profile the build with node --cpu-prof:
  - nuxt:ssr-styles:client resolveId (466 calls)
  - vite:css transform (168 calls)
  - nuxt:virtual resolveId (971 calls)
  … and 2 more
See https://rolldown.rs/reference/InputOptions.checks#plugintimings for more details.


√ Client built in 7006ms
i Building server...
i vite v8.2.2 building ssr environment for production...
transforming...
✓ 855 modules transformed.
rendering chunks...
i .nuxt/dist/server/_nuxt/TabAddBookmarkDialog-styles.DQZIrkRG.mjs         0.08 kB
.nuxt/dist/server/_nuxt/TabBookmarkGrid-styles.D_p8VFiG.mjs              0.08 kB
.nuxt/dist/server/_nuxt/TabBookmarkItem-styles.D1Va-di1.mjs              0.08 kB
.nuxt/dist/server/_nuxt/TabContextMenu-styles.DhH38N5x.mjs               0.08 kB
.nuxt/dist/server/_nuxt/TabIconPicker-styles.CiEySHr8.mjs                0.08 kB
.nuxt/dist/server/_nuxt/TabSearchBar-styles.BIM8P_-w.mjs                 0.08 kB
.nuxt/dist/server/_nuxt/site-styles.Dpb3A9jv.mjs                         0.08 kB
.nuxt/dist/server/_nuxt/AboutHero-styles.CkC3fjv-.mjs                    0.08 kB
.nuxt/dist/server/_nuxt/AppLoadingScreen-styles.C0L4VJFn.mjs             0.08 kB
.nuxt/dist/server/_nuxt/AppLoadingTopBar-styles.DteUjWk7.mjs             0.08 kB
.nuxt/dist/server/_nuxt/AuthForgotForm-styles.DwGC7u4A.mjs               0.08 kB
.nuxt/dist/server/_nuxt/AuthRegisterForm-styles.BdO6LaiK.mjs             0.08 kB
.nuxt/dist/server/_nuxt/ContactCards-styles.-Pn3R3NR.mjs                 0.08 kB
.nuxt/dist/server/_nuxt/ExperienceTimeline-styles.bw6xWi8W.mjs           0.08 kB
.nuxt/dist/server/_nuxt/LinkCard-styles.D4MgQuUF.mjs                     0.08 kB
.nuxt/dist/server/_nuxt/LinkForm-styles.B4CQ-TaC.mjs                     0.08 kB
.nuxt/dist/server/_nuxt/LinkGrid-styles.CYMoA3Uv.mjs                     0.08 kB
.nuxt/dist/server/_nuxt/SkillBars-styles.Nveea4co.mjs                    0.08 kB
.nuxt/dist/server/_nuxt/TabAddCategoryDialog-styles.CVeGBb0G.mjs         0.08 kB
.nuxt/dist/server/_nuxt/TabCommandPalette-styles.Ltd5QbNA.mjs            0.08 kB
.nuxt/dist/server/_nuxt/TabImportDialog-styles.BtUMorh3.mjs              0.08 kB
.nuxt/dist/server/_nuxt/TabSettingsDrawer-styles.kv5cHmh9.mjs            0.08 kB
.nuxt/dist/server/_nuxt/admin-styles.Cj3TFDxy.mjs                        0.08 kB
.nuxt/dist/server/_nuxt/index-styles.DWDaJWZ5.mjs                        0.08 kB
.nuxt/dist/server/_nuxt/login-styles.CcATTk6_.mjs                        0.08 kB
.nuxt/dist/server/_nuxt/media-styles.DPXXpCWb.mjs                        0.08 kB
.nuxt/dist/server/_nuxt/new-styles.BIz5wWYB.mjs                          0.08 kB
.nuxt/dist/server/_nuxt/ArticleContent-styles.Boq-QNS3.mjs               0.08 kB
.nuxt/dist/server/_nuxt/ArticleNav-styles.BBC4VsLp.mjs                   0.08 kB
.nuxt/dist/server/_nuxt/CodeBlock-styles.DQjCXVi7.mjs                    0.08 kB
.nuxt/dist/server/_nuxt/CommentBubble-styles.BGg_GjXw.mjs                0.08 kB
.nuxt/dist/server/_nuxt/CommentSection-styles.w3_1pnEP.mjs               0.08 kB
.nuxt/dist/server/_nuxt/ReadingProgress-styles.CsGUg-tf.mjs              0.08 kB
.nuxt/dist/server/_nuxt/ShareButtons-styles.DqZPvuWg.mjs                 0.08 kB
.nuxt/dist/server/_nuxt/StateBlock-styles.D1lPIp5R.mjs                   0.08 kB
.nuxt/dist/server/_nuxt/StickyHeader-styles.9J7GiZcY.mjs                 0.08 kB
.nuxt/dist/server/_nuxt/_id_-styles-2.B2luPFmc.mjs                       0.08 kB
.nuxt/dist/server/_nuxt/_id_-styles-3.B1XaJhxy.mjs                       0.08 kB
.nuxt/dist/server/_nuxt/_name_-styles.DFqEoR9T.mjs                       0.08 kB
.nuxt/dist/server/_nuxt/error-styles.O3W2wQiP.mjs                        0.08 kB
.nuxt/dist/server/_nuxt/AppearanceDrawer-styles.D1CvgqLI.mjs             0.08 kB
.nuxt/dist/server/_nuxt/ArchiveItem-styles.DI3HlzV7.mjs                  0.08 kB
.nuxt/dist/server/_nuxt/ArchiveTimeline-styles.B5JwKFwH.mjs              0.08 kB
.nuxt/dist/server/_nuxt/CategoryCard-styles.CAu7G6t0.mjs                 0.08 kB
.nuxt/dist/server/_nuxt/FlashAISearchModal-styles.C0g2I9pP.mjs           0.08 kB
.nuxt/dist/server/_nuxt/FlashNoteList-styles.CdqwOQ1o.mjs                0.08 kB
.nuxt/dist/server/_nuxt/GalleryFilter-styles.Bt629JZf.mjs                0.08 kB
.nuxt/dist/server/_nuxt/GalleryGrid-styles.DYAU12xv.mjs                  0.08 kB
.nuxt/dist/server/_nuxt/GalleryItem-styles.Ccvo8UdK.mjs                  0.08 kB
.nuxt/dist/server/_nuxt/LightBox-styles.sMUaWaiK.mjs                     0.08 kB
.nuxt/dist/server/_nuxt/MobileNav-styles.QAzi_zW3.mjs                    0.08 kB
.nuxt/dist/server/_nuxt/PostCardList-styles.BJ-cGC1T.mjs                 0.08 kB
.nuxt/dist/server/_nuxt/SiteAnnouncement-styles.B_ACfaAU.mjs             0.08 kB
.nuxt/dist/server/_nuxt/TagCloudCard-styles.DI0247iy.mjs                 0.08 kB
.nuxt/dist/server/_nuxt/Tooltip-styles.WGgrdYqF.mjs                      0.08 kB
.nuxt/dist/server/_nuxt/flashes-styles.B18Yxcm_.mjs                      0.08 kB
.nuxt/dist/server/_nuxt/Markdown-styles.BRiWWKtE.mjs                     0.08 kB
.nuxt/dist/server/_nuxt/PostTabs-styles.Cz_4D38R.mjs                     0.08 kB
.nuxt/dist/server/_nuxt/ProjectCard-styles.D_KBepFL.mjs                  0.08 kB
.nuxt/dist/server/_nuxt/ProjectGrid-styles.BsNOWiQL.mjs                  0.08 kB
.nuxt/dist/server/_nuxt/comments-styles.D9_xWksE.mjs                     0.08 kB
.nuxt/dist/server/_nuxt/taxonomy-styles.DHjJoPqu.mjs                     0.08 kB
.nuxt/dist/server/_nuxt/EmptyState-styles.D2h_uful.mjs                   0.08 kB
.nuxt/dist/server/_nuxt/MessageBubble-styles.Du0iKizp.mjs                0.08 kB
.nuxt/dist/server/_nuxt/MessageInput-styles.BWrFQbQF.mjs                 0.08 kB
.nuxt/dist/server/_nuxt/MessageList-styles.DRflWmdP.mjs                  0.08 kB
.nuxt/dist/server/_nuxt/MessageSkeleton-styles.B1ylgVHe.mjs              0.08 kB
.nuxt/dist/server/_nuxt/PinnedMessage-styles.D4RF0X73.mjs                0.08 kB
.nuxt/dist/server/_nuxt/SearchBox-styles.Bq5-7cKD.mjs                    0.08 kB
.nuxt/dist/server/_nuxt/ImageFrame-styles.DBvWsyiN.mjs                   0.08 kB
.nuxt/dist/server/_nuxt/MomentCard-styles.Vs-x57yR.mjs                   0.08 kB
.nuxt/dist/server/_nuxt/MomentList-styles.CMLSf0DV.mjs                   0.08 kB
.nuxt/dist/server/_nuxt/PageHeader-styles.CA_IxOp3.mjs                   0.08 kB
.nuxt/dist/server/_nuxt/PostCard-styles.B998eDHW.mjs                     0.08 kB
.nuxt/dist/server/_nuxt/SidebarNav-styles.BTjqBrIb.mjs                   0.08 kB
.nuxt/dist/server/_nuxt/SiteStatsCard-styles.DvD-T4DC.mjs                0.08 kB
.nuxt/dist/server/_nuxt/FlashEditor-styles.Dsfd9yXI.mjs                  0.09 kB
.nuxt/dist/server/_nuxt/MediaPicker-styles.DHZafgJb.mjs                  0.09 kB
.nuxt/dist/server/_nuxt/maintenance-styles.BKAFjP0T.mjs                  0.09 kB
.nuxt/dist/server/_nuxt/MediaLibrary-styles.tO_mIldk.mjs                 0.09 kB
.nuxt/dist/server/_nuxt/PostConflict-styles.B6MLcWaI.mjs                 0.09 kB
.nuxt/dist/server/_nuxt/RootLayout-styles-2.DgQmFmZz.mjs                 0.09 kB
.nuxt/dist/server/_nuxt/RootLayout-styles-3.D1C7UBYd.mjs                 0.09 kB
.nuxt/dist/server/_nuxt/AuthLoginForm-styles.db7RkSq0.mjs                0.09 kB
.nuxt/dist/server/_nuxt/ContextDrawer-styles.BDq9DXvL.mjs                0.09 kB
.nuxt/dist/server/_nuxt/FlashNoteCard-styles.B_eqd7r5.mjs                0.09 kB
.nuxt/dist/server/_nuxt/PostWorkspace-styles.DTd06su7.mjs                0.09 kB
.nuxt/dist/server/_nuxt/ThemeSwitcher-styles.DZS2bwLh.mjs                0.09 kB
.nuxt/dist/server/_nuxt/DailyQuoteCard-styles.D0XPYG-o.mjs               0.09 kB
.nuxt/dist/server/_nuxt/FlashImageGrid-styles.QCmub7QQ.mjs               0.09 kB
.nuxt/dist/server/_nuxt/MomentLinkCard-styles.CONB5G5m.mjs               0.09 kB
.nuxt/dist/server/_nuxt/StatusFooter-styles-2.CfGU56ws.mjs               0.09 kB
.nuxt/dist/server/_nuxt/StatusFooter-styles.E2Sx8ypL.mjs                 0.09 kB
.nuxt/dist/server/_nuxt/ThemeAccessory-styles.BSL5AZ35.mjs               0.09 kB
.nuxt/dist/server/_nuxt/ThemeLoadError-styles.CHQmbUVD.mjs               0.09 kB
.nuxt/dist/server/_nuxt/AppearanceEntry-styles.DLYsVK5_.mjs              0.09 kB
.nuxt/dist/server/_nuxt/CustomScrollbar-styles.IQGdmmRj.mjs              0.09 kB
.nuxt/dist/server/_nuxt/MomentTopicCard-styles.wXxHQG3q.mjs              0.09 kB
.nuxt/dist/server/_nuxt/MomentAuthorCard-styles.Bo0mB1WH.mjs             0.09 kB
.nuxt/dist/server/_nuxt/OwnerProfileCard-styles.BWL5NoaX.mjs             0.09 kB
.nuxt/dist/server/_nuxt/ThemeAccessory-styles-2.Crjo-3fr.mjs             0.09 kB
.nuxt/dist/server/_nuxt/ThemeAccessory-styles-3.toXXvZ6l.mjs             0.09 kB
.nuxt/dist/server/_nuxt/MomentArticleCard-styles.BuVPynqz.mjs            0.09 kB
.nuxt/dist/server/_nuxt/SidebarFooterCard-styles.CdZMmPXJ.mjs            0.09 kB
.nuxt/dist/server/_nuxt/GuestIdentityModal-styles.CLOi9nbb.mjs           0.09 kB
.nuxt/dist/server/_nuxt/MomentCalendarCard-styles.9qBZzlsM.mjs           0.09 kB
.nuxt/dist/server/_nuxt/MomentCommentSection-styles.j2AL-ZDc.mjs         0.09 kB
.nuxt/dist/server/_nuxt/SiteAnnouncementCard-styles.DH_6xs0K.mjs         0.09 kB
.nuxt/dist/server/_nuxt/TabWallpaperLayer-styles.BnO4Su29.mjs            0.14 kB
.nuxt/dist/server/_nuxt/AuthPanel-styles.DZVeuRuZ.mjs                    0.15 kB
.nuxt/dist/server/_nuxt/audit-styles.C8QjugFF.mjs                        0.15 kB
.nuxt/dist/server/_nuxt/account-styles.CZWcsuT7.mjs                      0.15 kB
.nuxt/dist/server/_nuxt/index-styles-4.Ce3Cw3O8.mjs                      0.15 kB
.nuxt/dist/server/_nuxt/HeatmapGrid-styles.Rz6C5GPh.mjs                  0.16 kB
.nuxt/dist/server/_nuxt/MomentUserPopover-styles.DAKHbAQk.mjs            0.17 kB
.nuxt/dist/server/_nuxt/index-styles-3.fpDTBojd.mjs                      0.22 kB
.nuxt/dist/server/_nuxt/archive-styles.C_4_ckCc.mjs                      0.29 kB
.nuxt/dist/server/_nuxt/default-styles.-8xwMjHB.mjs                      0.29 kB
.nuxt/dist/server/_nuxt/RootLayout-styles.AyiTqlAJ.mjs                   0.30 kB
.nuxt/dist/server/_nuxt/index-styles-2.80NFszdu.mjs                      0.36 kB
.nuxt/dist/server/_nuxt/index-styles-5.DJjFhtoS.mjs                      0.36 kB
.nuxt/dist/server/_nuxt/projects-styles.BNixVQzL.mjs                     0.36 kB
.nuxt/dist/server/_nuxt/links-styles.DbUJtOTF.mjs                        0.41 kB
.nuxt/dist/server/_nuxt/about-styles.BhczGzJn.mjs                        0.48 kB
.nuxt/dist/server/_nuxt/gallery-styles.DqqbV-hL.mjs                      0.50 kB
.nuxt/dist/server/_nuxt/guestbook-styles.CjYMw0VC.mjs                    0.72 kB
.nuxt/dist/server/_nuxt/entry-styles.Dj3pF8CQ.mjs                        0.75 kB
.nuxt/dist/server/_nuxt/_id_-styles.CFBmmxeB.mjs                         0.84 kB
.nuxt/dist/server/_nuxt/tabs-styles.sABx-HxA.mjs                         0.95 kB
.nuxt/dist/server/styles.mjs                                            15.43 kB
.nuxt/dist/server/_nuxt/_plugin-vue_export-helper-BOaGB7Aw.js            0.26 kB
.nuxt/dist/server/_nuxt/articlePath-DcJXogVE.js                          0.35 kB │ map:   0.52 kB
.nuxt/dist/server/_nuxt/pages-vLyPK6dy.js                                0.37 kB │ map:   1.82 kB
.nuxt/dist/server/_nuxt/virtual_nuxt_.nuxt_fetch-CjTCrJTP.js             0.42 kB │ map:   0.50 kB
.nuxt/dist/server/_nuxt/tabs-styles-2.mjs-D3_U_UH5.js                    0.42 kB │ map:   0.32 kB
.nuxt/dist/server/_nuxt/entry-styles-6.mjs-C49On9qs.js                   0.44 kB │ map:   0.29 kB
.nuxt/dist/server/_nuxt/ThemeAccessory-2-styles-1.mjs-BPaPo-Vc.js        0.44 kB │ map:   0.57 kB
.nuxt/dist/server/_nuxt/ThemeAccessory-3-styles-1.mjs-DxOhzIx0.js        0.45 kB │ map:   0.57 kB
.nuxt/dist/server/_nuxt/entry-styles-5.mjs-DvaZp4eL.js                   0.45 kB │ map:   0.29 kB
.nuxt/dist/server/_nuxt/projects-styles-5.mjs-D1RL2YOH.js                0.45 kB │ map:   2.17 kB
.nuxt/dist/server/_nuxt/media-styles-1.mjs-BxYuG68u.js                   0.45 kB │ map:   0.79 kB
.nuxt/dist/server/_nuxt/archive-styles-4.mjs-SK-LPYON.js                 0.45 kB │ map:   2.67 kB
.nuxt/dist/server/_nuxt/mock-DIVmYxG-.js                                 0.46 kB │ map:   1.20 kB
.nuxt/dist/server/_nuxt/rolldown-runtime-EAsCxrDo.js                     0.49 kB
.nuxt/dist/server/_nuxt/MomentUserPopover-styles-1.mjs-KLb7aZ-3.js       0.49 kB │ map:   6.11 kB
.nuxt/dist/server/_nuxt/links-styles-6.mjs-CWUPjG8M.js                   0.53 kB │ map:   2.17 kB
.nuxt/dist/server/_nuxt/login-styles-1.mjs-D6e9NzUi.js                   0.54 kB │ map:   1.36 kB
.nuxt/dist/server/_nuxt/AuthLoginForm-styles-1.mjs-CSOPl-cm.js           0.54 kB │ map:   2.86 kB
.nuxt/dist/server/_nuxt/gallery-styles-7.mjs-CDBEpM72.js                 0.54 kB │ map:   3.78 kB
.nuxt/dist/server/_nuxt/projects-styles-2.mjs-x70K6dYo.js                0.54 kB │ map:   0.40 kB
.nuxt/dist/server/_nuxt/useFooterExpand-DPHeUJyr.js                      0.54 kB │ map:   0.66 kB
.nuxt/dist/server/_nuxt/gallery-styles-3.mjs-CmD8bK9D.js                 0.57 kB │ map:   0.38 kB
.nuxt/dist/server/_nuxt/about-styles-7.mjs-B7yZYWJC.js                   0.62 kB │ map:   2.53 kB
.nuxt/dist/server/_nuxt/links-styles-2.mjs-Ck3UvINo.js                   0.64 kB │ map:   0.54 kB
.nuxt/dist/server/_nuxt/useModalFocus-C_X7mrXZ.js                        0.65 kB │ map:   7.18 kB
.nuxt/dist/server/_nuxt/PageHeader-styles-1.mjs-uIC7aW04.js              0.65 kB │ map:   1.29 kB
.nuxt/dist/server/_nuxt/_id_-2-styles-1.mjs-C2e81-SB.js                  0.74 kB │ map:   0.63 kB
.nuxt/dist/server/_nuxt/default-styles-4.mjs-Crm6K42B.js                 0.75 kB │ map:   2.52 kB
.nuxt/dist/server/_nuxt/default-styles-1.mjs-BfS9ugbi.js                 0.75 kB │ map:   0.65 kB
.nuxt/dist/server/_nuxt/pageRequestCancellation-lAlxr8SD.js              0.77 kB │ map:   1.03 kB
.nuxt/dist/server/_nuxt/audit-styles-2.mjs-bT9Xhptm.js                   0.83 kB │ map:   3.71 kB
.nuxt/dist/server/_nuxt/SidebarNav-styles-1.mjs-De_-uYht.js              0.83 kB │ map:   0.79 kB
.nuxt/dist/server/_nuxt/PostTabs-styles-1.mjs-BlEicYM5.js                0.84 kB │ map:   1.81 kB
.nuxt/dist/server/_nuxt/ssr-JZrD5BnJ.js                                  0.87 kB │ map:   4.03 kB
.nuxt/dist/server/_nuxt/about-styles-5.mjs-C8v9qd7p.js                   0.87 kB │ map:   0.81 kB
.nuxt/dist/server/_nuxt/entry-styles-11.mjs-Cfyla3tZ.js                  0.88 kB │ map:   0.83 kB
.nuxt/dist/server/_nuxt/useSidebarExitAnimation-BaZWYZEh.js              0.91 kB │ map:   3.72 kB
.nuxt/dist/server/_nuxt/MediaPicker-styles-1.mjs-D4jAFpFL.js             0.93 kB │ map:   2.34 kB
.nuxt/dist/server/_nuxt/guestbook-styles-6.mjs-BwYE8hhc.js               0.93 kB │ map:   0.82 kB
.nuxt/dist/server/_nuxt/audit-styles-1.mjs-Bk5EAqU5.js                   0.93 kB │ map:   0.79 kB
.nuxt/dist/server/_nuxt/projects-styles-3.mjs-BuDcamW4.js                0.94 kB │ map:   0.91 kB
.nuxt/dist/server/_nuxt/account-styles-1.mjs-Cr_s9Kb-.js                 0.95 kB │ map:   0.80 kB
.nuxt/dist/server/_nuxt/links-styles-5.mjs-DccIt9UK.js                   0.95 kB │ map:   0.93 kB
.nuxt/dist/server/_nuxt/useToast-BXAj0IQX.js                             0.95 kB │ map:   2.23 kB
.nuxt/dist/server/_nuxt/topics-CysWr0FC.js                               0.97 kB │ map:   1.75 kB
.nuxt/dist/server/_nuxt/useFullbleedPage-DGl9XpH5.js                     0.98 kB │ map:   1.17 kB
.nuxt/dist/server/_nuxt/useScrollProgress-DUwQDofy.js                    1.00 kB │ map:   1.33 kB
.nuxt/dist/server/_nuxt/ThemeAccessory-CnAqGGG1.js                       1.03 kB │ map:   0.58 kB
.nuxt/dist/server/_nuxt/ThemeAccessory-QiwCQSFG.js                       1.04 kB │ map:   0.59 kB
.nuxt/dist/server/_nuxt/PostWorkspace-styles-1.mjs-B19vXPGR.js           1.07 kB │ map:   6.20 kB
.nuxt/dist/server/_nuxt/account-styles-2.mjs-CDA5e60k.js                 1.08 kB │ map:   5.43 kB
.nuxt/dist/server/_nuxt/links-styles-4.mjs-DYI4ArV4.js                   1.10 kB │ map:   1.15 kB
.nuxt/dist/server/_nuxt/ThemeLoadError-styles-1.mjs-CltRUEQE.js          1.11 kB │ map:   1.68 kB
.nuxt/dist/server/_nuxt/useNavItems-Bm_QR1PT.js                          1.11 kB │ map:   2.35 kB
.nuxt/dist/server/_nuxt/useMomentOverview-BJJSKR_N.js                    1.12 kB │ map:   1.40 kB
.nuxt/dist/server/_nuxt/default-styles-3.mjs-B6pwxwU5.js                 1.13 kB │ map:   1.02 kB
.nuxt/dist/server/_nuxt/gallery-styles-5.mjs-BaoDdIcV.js                 1.14 kB │ map:   1.12 kB
.nuxt/dist/server/_nuxt/links-styles-3.mjs-Bpy6IWq8.js                   1.14 kB │ map:   1.08 kB
.nuxt/dist/server/_nuxt/comments-styles-1.mjs-DDKQrGfj.js                1.17 kB │ map:  21.94 kB
.nuxt/dist/server/_nuxt/RootLayout-styles-2.mjs-yfy7ClS5.js              1.18 kB │ map:   1.28 kB
.nuxt/dist/server/_nuxt/about-styles-6.mjs-Da3mx8w6.js                   1.20 kB │ map:   1.16 kB
.nuxt/dist/server/_nuxt/FlashImageGrid-styles-1.mjs-naVI2wLw.js          1.21 kB │ map:   2.57 kB
.nuxt/dist/server/_nuxt/StatusFooter-3DycZu_f.js                         1.21 kB │ map:   0.94 kB
.nuxt/dist/server/_nuxt/StatusFooter-DKmvs4UT.js                         1.22 kB │ map:   0.94 kB
.nuxt/dist/server/_nuxt/_id_-2-styles-3.mjs-mQrMEK2f.js                  1.23 kB │ map:   0.90 kB
.nuxt/dist/server/_nuxt/guestbook-styles-8.mjs-Dyt8SXeN.js               1.24 kB │ map:   1.27 kB
.nuxt/dist/server/_nuxt/PostCard-C7Qd67ym.js                             1.26 kB │ map:   1.27 kB
.nuxt/dist/server/_nuxt/PostCard-DLdqNs8d.js                             1.27 kB │ map:   1.27 kB
.nuxt/dist/server/_nuxt/PostCard-CgfAQv36.js                             1.27 kB │ map:   1.28 kB
.nuxt/dist/server/_nuxt/site-styles-1.mjs-BOItGiZq.js                    1.28 kB │ map:   8.71 kB
.nuxt/dist/server/_nuxt/ThemeSwitcher-styles-1.mjs-I3dNsfVH.js           1.28 kB │ map:   2.71 kB
.nuxt/dist/server/_nuxt/index-5-styles-1.mjs-BODBS9Gj.js                 1.30 kB │ map:   1.19 kB
.nuxt/dist/server/_nuxt/projects-styles-4.mjs-9GE_867R.js                1.31 kB │ map:   1.20 kB
.nuxt/dist/server/_nuxt/index-3-styles-3.mjs-CtKaHJNp.js                 1.33 kB │ map:   6.56 kB
.nuxt/dist/server/_nuxt/entry-styles-1.mjs-BLhUeGt5.js                   1.33 kB │ map:   1.57 kB
.nuxt/dist/server/_nuxt/about-styles-2.mjs-CeJdMj9e.js                   1.34 kB │ map:   1.22 kB
.nuxt/dist/server/_nuxt/maintenance-styles-1.mjs-D32PkaA-.js             1.34 kB │ map:  12.01 kB
.nuxt/dist/server/_nuxt/ImageFrame-styles-1.mjs-BJQlDQjc.js              1.35 kB │ map:   3.18 kB
.nuxt/dist/server/_nuxt/useLoginDrawer-BSkAzbsi.js                       1.37 kB │ map:   2.38 kB
.nuxt/dist/server/_nuxt/tabs-styles-1.mjs-95Uri6OC.js                    1.38 kB │ map:   1.45 kB
.nuxt/dist/server/_nuxt/index-4-styles-1.mjs-C2ywFwwu.js                 1.38 kB │ map:   1.27 kB
.nuxt/dist/server/_nuxt/gallery-styles-1.mjs-D9cpet9a.js                 1.39 kB │ map:   0.98 kB
.nuxt/dist/server/_nuxt/gallery-styles-6.mjs-BQaXzItp.js                 1.40 kB │ map:   1.36 kB
.nuxt/dist/server/_nuxt/MomentList-styles-1.mjs-fd-gdKVz.js              1.41 kB │ map:   3.76 kB
.nuxt/dist/server/_nuxt/index-2-styles-5.mjs-CWPJ0U2s.js                 1.41 kB │ map:   7.01 kB
.nuxt/dist/server/_nuxt/PostConflict-styles-1.mjs-DTyoUlcI.js            1.46 kB │ map:   5.01 kB
.nuxt/dist/server/_nuxt/SiteAnnouncementCard-styles-1.mjs-w0ETcmI-.js    1.47 kB │ map:   2.35 kB
.nuxt/dist/server/_nuxt/new-BU2Af1P6.js                                  1.51 kB │ map:   1.05 kB
.nuxt/dist/server/_nuxt/ThemeAccessory-Bs2i9go-.js                       1.54 kB │ map:   1.99 kB
.nuxt/dist/server/_nuxt/guestbook-styles-3.mjs-CaMoEYRd.js               1.54 kB │ map:   1.46 kB
.nuxt/dist/server/_nuxt/ThemeAccessory-styles-1.mjs-CNkl9T_Z.js          1.54 kB │ map:   1.81 kB
.nuxt/dist/server/_nuxt/index-2-styles-4.mjs-ClVUVyLj.js                 1.59 kB │ map:   1.60 kB
.nuxt/dist/server/_nuxt/about-styles-3.mjs-BpzltnSt.js                   1.60 kB │ map:   1.53 kB
.nuxt/dist/server/_nuxt/archive-styles-2.mjs-DLOBG31u.js                 1.62 kB │ map:   1.66 kB
.nuxt/dist/server/_nuxt/guestbook-styles-7.mjs-CsQaZ0yX.js               1.62 kB │ map:   1.45 kB
.nuxt/dist/server/_nuxt/DailyQuoteCard-styles-1.mjs-CC7IdSuw.js          1.63 kB │ map:   2.60 kB
.nuxt/dist/server/_nuxt/entry-styles-3.mjs-B2JoGv-g.js                   1.65 kB │ map:   1.48 kB
.nuxt/dist/server/_nuxt/state-CwISXH9C.js                                1.68 kB │ map:   6.08 kB
.nuxt/dist/server/_nuxt/_id_-Cj6vjd5K.js                                 1.68 kB │ map:   1.27 kB
.nuxt/dist/server/_nuxt/ContentImage-Cymazuah.js                         1.70 kB │ map:   1.58 kB
.nuxt/dist/server/_nuxt/gallery-styles-2.mjs-BvTnUHFg.js                 1.72 kB │ map:   1.61 kB
.nuxt/dist/server/_nuxt/links-styles-1.mjs-CAS5-AxA.js                   1.74 kB │ map:   1.41 kB
.nuxt/dist/server/_nuxt/taxonomy-styles-1.mjs-DDzjkw72.js                1.75 kB │ map:  10.39 kB
.nuxt/dist/server/_nuxt/gallery-styles-4.mjs-DW61OiqK.js                 1.76 kB │ map:   1.54 kB
.nuxt/dist/server/_nuxt/AppearanceEntry-styles-1.mjs-D7YOkvgC.js         1.76 kB │ map:   1.92 kB
.nuxt/dist/server/_nuxt/media-BBhM8bxp.js                                1.81 kB │ map:   1.55 kB
.nuxt/dist/server/_nuxt/index-styles-1.mjs-BX06ijR1.js                   1.82 kB │ map:   6.65 kB
.nuxt/dist/server/_nuxt/about-styles-1.mjs-iKnWSWWp.js                   1.84 kB │ map:   1.49 kB
.nuxt/dist/server/_nuxt/Markdown-styles-1.mjs-BOdIKfn5.js                1.85 kB │ map:   1.91 kB
.nuxt/dist/server/_nuxt/ContextDrawer-styles-1.mjs-CxZ7Cx2Z.js           1.85 kB │ map:   3.48 kB
.nuxt/dist/server/_nuxt/entry-styles-10.mjs-CcPO8W_v.js                  1.88 kB │ map:   1.63 kB
.nuxt/dist/server/_nuxt/index-4-styles-2.mjs-BDUlNiCV.js                 1.91 kB │ map:  15.98 kB
.nuxt/dist/server/_nuxt/entry-styles-9.mjs-DJ9UXtu4.js                   1.93 kB │ map:   1.70 kB
.nuxt/dist/server/_nuxt/index-3-styles-1.mjs-D8V0zo-_.js                 1.95 kB │ map:   1.89 kB
.nuxt/dist/server/_nuxt/RootLayout-styles-1.mjs-CWL12o-S.js              1.96 kB │ map:   1.99 kB
.nuxt/dist/server/_nuxt/MediaLibrary-styles-1.mjs-TQMPHo40.js            1.99 kB │ map:   9.09 kB
.nuxt/dist/server/_nuxt/archive-styles-3.mjs-QDV-CGiX.js                 1.99 kB │ map:   1.94 kB
.nuxt/dist/server/_nuxt/_id_-2-styles-10.mjs-zNBaK3Dl.js                 2.00 kB │ map:   1.66 kB
.nuxt/dist/server/_nuxt/MomentArticleCard-styles-1.mjs-kEyGGm8o.js       2.01 kB │ map:   2.62 kB
.nuxt/dist/server/_nuxt/flashes-styles-1.mjs-DDAmbtzR.js                 2.04 kB │ map:   8.14 kB
.nuxt/dist/server/_nuxt/guestbook-styles-1.mjs-BfioSm6r.js               2.06 kB │ map:   1.85 kB
.nuxt/dist/server/_nuxt/MomentUserPopover-styles-2.mjs-Cz7irDCW.js       2.07 kB │ map:   6.11 kB
.nuxt/dist/server/_nuxt/useRelativeDate-Do8p1UP9.js                      2.07 kB │ map:   3.73 kB
.nuxt/dist/server/_nuxt/index-5-styles-3.mjs-DH5uVrkB.js                 2.08 kB │ map:   1.97 kB
.nuxt/dist/server/_nuxt/_id_-2-styles-11.mjs-B_1fKxHK.js                 2.11 kB │ map:   1.78 kB
.nuxt/dist/server/_nuxt/Tooltip-styles-1.mjs-CgPoPWpz.js                 2.11 kB │ map:  10.51 kB
.nuxt/dist/server/_nuxt/PageHeader-jeeusAYt.js                           2.12 kB │ map:   2.69 kB
.nuxt/dist/server/_nuxt/index-3-styles-2.mjs-25dn7-xC.js                 2.15 kB │ map:   1.97 kB
.nuxt/dist/server/_nuxt/about-styles-4.mjs-5ivzyzu2.js                   2.18 kB │ map:   1.64 kB
.nuxt/dist/server/_nuxt/index-2-styles-1.mjs-B9LGzFBz.js                 2.21 kB │ map:   1.96 kB
.nuxt/dist/server/_nuxt/SearchBox-styles-1.mjs-BbQvRCgH.js               2.22 kB │ map:   3.53 kB
.nuxt/dist/server/_nuxt/_name_-styles-1.mjs-BdN1a2b2.js                  2.26 kB │ map:   6.37 kB
.nuxt/dist/server/_nuxt/_id_-2-styles-6.mjs-8e7YBAc7.js                  2.29 kB │ map:   1.93 kB
.nuxt/dist/server/_nuxt/_id_-2-styles-4.mjs-21AhUa8x.js                  2.32 kB │ map:   1.85 kB
.nuxt/dist/server/_nuxt/tabs-styles-8.mjs-Cp6jZFfk.js                    2.33 kB │ map:   2.33 kB
.nuxt/dist/server/_nuxt/useEntranceMotion-BCXnDeFW.js                    2.33 kB │ map:   3.97 kB
.nuxt/dist/server/_nuxt/tabs-styles-6.mjs-DjilPtEx.js                    2.40 kB │ map:   2.39 kB
.nuxt/dist/server/_nuxt/_id_-2-styles-9.mjs-aad17XY1.js                  2.46 kB │ map:   2.40 kB
.nuxt/dist/server/_nuxt/DailyQuoteCard-BjkuLjEQ.js                       2.47 kB │ map:   5.36 kB
.nuxt/dist/server/_nuxt/guestbook-styles-4.mjs-3TewE_Lc.js               2.50 kB │ map:   2.25 kB
.nuxt/dist/server/_nuxt/_id_-2-styles-7.mjs-UXS2ZNJw.js                  2.52 kB │ map:   2.26 kB
.nuxt/dist/server/_nuxt/_id_-2-styles-12.mjs-BQ1n8v2A.js                 2.53 kB │ map:  11.95 kB
.nuxt/dist/server/_nuxt/index-2-styles-2.mjs-Bv0ARoew.js                 2.54 kB │ map:   2.16 kB
.nuxt/dist/server/_nuxt/login-D3fNXdpq.js                                2.56 kB │ map:   3.09 kB
.nuxt/dist/server/_nuxt/archive-styles-1.mjs-Rfq2s5YX.js                 2.60 kB │ map:   2.64 kB
.nuxt/dist/server/_nuxt/admin-styles-1.mjs-YY5EVmHn.js                   2.61 kB │ map:   7.25 kB
.nuxt/dist/server/_nuxt/entry-styles-7.mjs-CBr_nSZG.js                   2.61 kB │ map:   2.31 kB
.nuxt/dist/server/_nuxt/MomentLinkCard-styles-1.mjs-DFXZQQVR.js          2.62 kB │ map:   4.18 kB
.nuxt/dist/server/_nuxt/PostTabs-CwMBsR3o.js                             2.63 kB │ map:   3.94 kB
.nuxt/dist/server/_nuxt/SiteAnnouncementCard-B_Dx_FLQ.js                 2.63 kB │ map:   4.90 kB
.nuxt/dist/server/_nuxt/RootLayout-styles-3.mjs--c4Sn8Cj.js              2.63 kB │ map:   2.91 kB
.nuxt/dist/server/_nuxt/entry-styles-8.mjs-Cd4wLIwq.js                   2.72 kB │ map:   3.11 kB
.nuxt/dist/server/_nuxt/SidebarFooterCard-styles-1.mjs-Bu_Y7wCY.js       2.74 kB │ map:   4.43 kB
.nuxt/dist/server/_nuxt/guestbook-styles-9.mjs-DDK-3ju0.js               2.74 kB │ map:   2.76 kB
.nuxt/dist/server/_nuxt/SearchBox-YF-sqSl_.js                            2.89 kB │ map:   7.53 kB
.nuxt/dist/server/_nuxt/page-B_YAHLL7.js                                 3.06 kB │ map:  13.93 kB
.nuxt/dist/server/_nuxt/taxonomy-kqjpGN0t.js                             3.08 kB │ map:  21.54 kB
.nuxt/dist/server/_nuxt/_id_-4-styles-1.mjs-Dxf3AbRa.js                  3.10 kB │ map:   9.75 kB
.nuxt/dist/server/_nuxt/ContextDrawer-CFbtkXmR.js                        3.10 kB │ map:   7.36 kB
.nuxt/dist/server/_nuxt/StatusFooter-4-styles-1.mjs-BvRddvhX.js          3.14 kB │ map:   5.14 kB
.nuxt/dist/server/_nuxt/OwnerProfileCard-styles-1.mjs-DAWQ6Yqc.js        3.27 kB │ map:   5.10 kB
.nuxt/dist/server/_nuxt/AuthLoginForm-rQmvHN46.js                        3.30 kB │ map:   6.26 kB
.nuxt/dist/server/_nuxt/useSiteInfo-2iky0XiQ.js                          3.30 kB │ map:   6.62 kB
.nuxt/dist/server/_nuxt/RootLayout-2-styles-1.mjs-Dl-fogrq.js            3.39 kB │ map:   7.06 kB
.nuxt/dist/server/_nuxt/tabs-styles-14.mjs-DqNPoucj.js                   3.58 kB │ map:  22.28 kB
.nuxt/dist/server/_nuxt/SidebarFooterCard-DirEwP8O.js                    3.58 kB │ map:   9.29 kB
.nuxt/dist/server/_nuxt/MomentAuthorCard-styles-1.mjs-BWH816gZ.js        3.62 kB │ map:   6.13 kB
.nuxt/dist/server/_nuxt/tabs-styles-10.mjs-C94UJoOI.js                   3.62 kB │ map:   3.39 kB
.nuxt/dist/server/_nuxt/_id_-3-styles-1.mjs-BMozkYSt.js                  3.66 kB │ map:  10.82 kB
.nuxt/dist/server/_nuxt/projects-styles-1.mjs-DcJeP9WR.js                3.69 kB │ map:   3.33 kB
.nuxt/dist/server/_nuxt/OwnerProfileCard-BlHYuSIH.js                     3.81 kB │ map:  10.91 kB
.nuxt/dist/server/_nuxt/usePostMetadata-ybrM1BH6.js                      3.84 kB │ map:   6.78 kB
.nuxt/dist/server/_nuxt/RootLayout-styles-4.mjs-eiYtz1oR.js              3.84 kB │ map:   9.16 kB
.nuxt/dist/server/_nuxt/MomentCommentSection-styles-1.mjs-B735RYpU.js    4.07 kB │ map:   9.16 kB
.nuxt/dist/server/_nuxt/MomentTopicCard-styles-1.mjs-C03EcvH9.js         4.17 kB │ map:   6.45 kB
.nuxt/dist/server/_nuxt/account-CR6t1mxb.js                              4.30 kB │ map:  15.17 kB
.nuxt/dist/server/_nuxt/AppearanceEntry-CkpwZWK8.js                      4.31 kB │ map:   9.55 kB
.nuxt/dist/server/_nuxt/tabs-styles-13.mjs-CeW_7n3w.js                   4.39 kB │ map:   4.18 kB
.nuxt/dist/server/_nuxt/api-B8TRSqzR.js                                  4.44 kB │ map:   9.65 kB
.nuxt/dist/server/_nuxt/guestbook-styles-10.mjs-tCspuan4.js              4.72 kB │ map:  17.53 kB
.nuxt/dist/server/_nuxt/SidebarNav-gsMxRSHR.js                           4.76 kB │ map:   6.52 kB
.nuxt/dist/server/_nuxt/StatusFooter-DG-nDm7T.js                         4.82 kB │ map:  11.30 kB
.nuxt/dist/server/_nuxt/tabs-styles-4.mjs-Cozqlc1u.js                    4.82 kB │ map:   4.68 kB
.nuxt/dist/server/_nuxt/tabs-styles-9.mjs-EOIqiiEs.js                    4.90 kB │ map:   4.69 kB
.nuxt/dist/server/_nuxt/index-5-styles-4.mjs-DiiIBwOZ.js                 5.19 kB │ map:   5.10 kB
.nuxt/dist/server/_nuxt/RootLayout-BHIh7mGE.js                           5.24 kB │ map:  15.22 kB
.nuxt/dist/server/_nuxt/GuestIdentityModal-styles-1.mjs-E3-Hf6D9.js      5.26 kB │ map:  14.10 kB
.nuxt/dist/server/_nuxt/new-2-styles-1.mjs-Ca513Ic4.js                   5.33 kB │ map:  13.96 kB
.nuxt/dist/server/_nuxt/index-5-styles-2.mjs-9YRAEDBd.js                 5.36 kB │ map:   4.88 kB
.nuxt/dist/server/_nuxt/audit-D5JHqkPa.js                                5.39 kB │ map:  16.62 kB
.nuxt/dist/server/_nuxt/MomentCalendarCard-styles-1.mjs-XSNEvhuX.js      5.40 kB │ map:  11.88 kB
.nuxt/dist/server/_nuxt/index-2-styles-3.mjs-bSWQV00c.js                 5.43 kB │ map:   6.03 kB
.nuxt/dist/server/_nuxt/CustomScrollbar-styles-1.mjs-5_xgv3Jx.js         5.50 kB │ map:  18.20 kB
.nuxt/dist/server/_nuxt/comments-4Ah_U2_9.js                             5.55 kB │ map:  46.56 kB
.nuxt/dist/server/_nuxt/guestbook-styles-2.mjs-DEMjnCfs.js               5.56 kB │ map:   5.55 kB
.nuxt/dist/server/_nuxt/tabs-styles-12.mjs-i5_1NYc5.js                   5.81 kB │ map:   5.34 kB
.nuxt/dist/server/_nuxt/MomentList-CweuTJZM.js                           6.01 kB │ map:  13.45 kB
.nuxt/dist/server/_nuxt/PostCard-4-styles-1.mjs-DjoCUX_-.js              6.67 kB │ map:  11.27 kB
.nuxt/dist/server/_nuxt/tabs-styles-3.mjs-DmS2ekoW.js                    6.72 kB │ map:   6.40 kB
.nuxt/dist/server/_nuxt/admin-B3I0DY1J.js                                6.74 kB │ map:  16.71 kB
.nuxt/dist/server/_nuxt/Tooltip-BNvnJ-QB.js                              6.86 kB │ map:  24.32 kB
.nuxt/dist/server/_nuxt/default-styles-2.mjs-1H7i8KTG.js                 7.01 kB │ map:   6.81 kB
.nuxt/dist/server/_nuxt/ThemeComponent-B-oPxoBa.js                       7.25 kB │ map:  12.68 kB
.nuxt/dist/server/_nuxt/site-CYtX_fdJ.js                                 7.53 kB │ map:  26.61 kB
.nuxt/dist/server/_nuxt/admin-B8xrdZcC.js                                7.64 kB │ map:  15.99 kB
.nuxt/dist/server/_nuxt/_name_-3J0jnpjP.js                               7.97 kB │ map:  15.28 kB
.nuxt/dist/server/_nuxt/posts-CDq0dM7i.js                                8.32 kB │ map:  40.40 kB
.nuxt/dist/server/_nuxt/index-5-styles-5.mjs-BWw_jPj4.js                 8.57 kB │ map:  29.56 kB
.nuxt/dist/server/_nuxt/flashes-CGLPJOPK.js                              8.72 kB │ map:  27.97 kB
.nuxt/dist/server/_nuxt/MomentCard-styles-1.mjs-BfhNTkN2.js              8.83 kB │ map:  16.97 kB
.nuxt/dist/server/_nuxt/PostCard-Cav_P4Cb.js                             8.85 kB │ map:  25.79 kB
.nuxt/dist/server/_nuxt/archive-CixajU8b.js                              8.92 kB │ map:  19.82 kB
.nuxt/dist/server/_nuxt/error-BOBzJTxO.js                                9.03 kB │ map:  23.11 kB
.nuxt/dist/server/_nuxt/useMomentFilters-Dv1VWVoV.js                     9.32 kB │ map:  29.55 kB
.nuxt/dist/server/_nuxt/maintenance-DovjxW95.js                          9.75 kB │ map:  38.52 kB
.nuxt/dist/server/_nuxt/GuestIdentityModal-CQ-gULza.js                  10.20 kB │ map:  34.76 kB
.nuxt/dist/server/_nuxt/FlashNoteCard-styles-1.mjs-a-yqJenb.js          10.35 kB │ map:  23.81 kB
.nuxt/dist/server/_nuxt/RootLayout-3-styles-1.mjs-CM0JmE1E.js           10.55 kB │ map:  21.49 kB
.nuxt/dist/server/_nuxt/CustomScrollbar-DvpdLm7i.js                     10.59 kB │ map:  48.52 kB
.nuxt/dist/server/_nuxt/guestbook-styles-5.mjs-DY_aKONh.js              10.62 kB │ map:  10.27 kB
.nuxt/dist/server/_nuxt/nuxt-link-Bli7R05W.js                           11.90 kB │ map:  26.01 kB
.nuxt/dist/server/_nuxt/projects-aq_-hB9K.js                            11.91 kB │ map:  23.63 kB
.nuxt/dist/server/_nuxt/links-B7HSJReW.js                               12.20 kB │ map:  24.63 kB
.nuxt/dist/server/_nuxt/moments-DhICn9qk.js                             12.24 kB │ map:  28.97 kB
.nuxt/dist/server/_nuxt/head-B8E_tiRj.js                                12.79 kB │ map:  38.64 kB
.nuxt/dist/server/_nuxt/tabs-styles-11.mjs-ClLY-vTV.js                  13.11 kB │ map:  13.01 kB
.nuxt/dist/server/_nuxt/_id_-oulavMNg.js                                13.39 kB │ map:  24.53 kB
.nuxt/dist/server/_nuxt/about-CakNNTVU.js                               14.57 kB │ map:  31.47 kB
.nuxt/dist/server/_nuxt/RootLayout-CrxgjIi7.js                          15.58 kB │ map:  48.73 kB
.nuxt/dist/server/_nuxt/asyncData-BTFONfnk.js                           15.63 kB │ map:  37.46 kB
.nuxt/dist/server/_nuxt/useMomentList-B07gp8ll.js                       16.03 kB │ map:  24.85 kB
.nuxt/dist/server/_nuxt/default-C2P3vrQw.js                             16.27 kB │ map:  63.67 kB
.nuxt/dist/server/_nuxt/_id_-Dzx4qLn2.js                                16.36 kB │ map:  27.87 kB
.nuxt/dist/server/_nuxt/StatusFooter-3-styles-1.mjs-q5pOgnb4.js         17.53 kB │ map:  37.27 kB
.nuxt/dist/server/_nuxt/NuxtImg-CP2HeHGk.js                             18.63 kB │ map:  33.19 kB
.nuxt/dist/server/_nuxt/new-HyOuQMw6.js                                 18.86 kB │ map:  36.11 kB
.nuxt/dist/server/_nuxt/dist-C_x6KTI0.js                                20.35 kB │ map:  39.68 kB
.nuxt/dist/server/_nuxt/PostWorkspace-CoFiTA81.js                       20.59 kB │ map:  52.65 kB
.nuxt/dist/server/_nuxt/gallery-Cy_2nsWq.js                             21.62 kB │ map:  41.94 kB
.nuxt/dist/server/_nuxt/StatusFooter-DnRQTp9Z.js                        22.28 kB │ map: 101.55 kB
.nuxt/dist/server/_nuxt/RootLayout-mk30WLZ_.js                          22.65 kB │ map:  62.11 kB
.nuxt/dist/server/_nuxt/client-only-CYWrcPOE.js                         25.14 kB │ map:  87.12 kB
.nuxt/dist/server/_nuxt/_id_-2-styles-5.mjs-DDus8AwY.js                 26.97 kB │ map:   1.68 kB
.nuxt/dist/server/_nuxt/MomentCard-5qvAMKfy.js                          27.05 kB │ map:  87.88 kB
.nuxt/dist/server/_nuxt/_id_-2-styles-2.mjs-B4qzZMH1.js                 27.26 kB │ map:   1.67 kB
.nuxt/dist/server/_nuxt/useLayoutTheme-DmUxxI9R.js                      28.07 kB │ map:  89.55 kB
.nuxt/dist/server/_nuxt/tabs-styles-5.mjs-CZu6P4ra.js                   28.46 kB │ map:   3.15 kB
.nuxt/dist/server/_nuxt/_id_-2-styles-8.mjs-Cvow0WpD.js                 29.07 kB │ map:   3.38 kB
.nuxt/dist/server/_nuxt/tabs-styles-7.mjs-l7ing2sc.js                   29.39 kB │ map:   3.61 kB
.nuxt/dist/server/_nuxt/entry-styles-2.mjs-CkIq26Ea.js                  29.65 kB │ map:   5.33 kB
.nuxt/dist/server/_nuxt/entry-styles-4.mjs-B6bNC1l4.js                  30.12 kB │ map:   4.72 kB
.nuxt/dist/server/_nuxt/mock-KdlKePQj.js                                31.29 kB │ map:  42.81 kB
.nuxt/dist/server/_nuxt/useFlashNotes-BtcSOjhb.js                       32.15 kB │ map:  87.05 kB
.nuxt/dist/server/_nuxt/FlashEditor-styles-1.mjs-B21FmUmk.js            32.77 kB │ map:  22.37 kB
.nuxt/dist/server/_nuxt/pages-DCXUJCcM.js                               37.21 kB │ map:  86.55 kB
.nuxt/dist/server/_nuxt/guestbook-C5NAv53m.js                           54.61 kB │ map: 158.97 kB
.nuxt/dist/server/_nuxt/_id_-BbzbsDVa.js                                64.61 kB │ map: 138.55 kB
.nuxt/dist/server/_nuxt/flash-CiovtQCz.js                               69.29 kB │ map: 202.08 kB
.nuxt/dist/server/server.mjs                                           118.96 kB │ map: 431.41 kB
.nuxt/dist/server/_nuxt/components-DUPYrE0Q.js                         129.16 kB │ map: 207.47 kB
.nuxt/dist/server/_nuxt/tabs-DnkhsOE5.js                               131.45 kB │ map: 432.44 kB

i ✓ built in 5.34s

 WARN  [PLUGIN_TIMINGS] Plugin hooks ran for 5.1s of this 5.3s build (95%).
7 hooks are listed without a time. Their calls overlapped, so the time inside one call includes work from other calls. To find their cost, profile the build with node --cpu-prof:
  - vite:css transform (293 calls)
  - nuxt:ssr-styles:ssr transform (823 calls)
  - nuxt:ssr-styles:ssr resolveId (526 calls)
  … and 4 more
See https://rolldown.rs/reference/InputOptions.checks#plugintimings for more details.


√ Server built in 5381ms
[nitro] √ Generated public .output/public
[nitro] i Building Nuxt Nitro server (preset: node-server, compatibility date: 2025-07-07)
(node:23336) [DEP0155] DeprecationWarning: Use of deprecated trailing slash pattern mapping "./" in the "exports" field module resolution of the package at D:\Projects\TixXinBlog\node_modules\.pnpm\@nuxt+icon@2.5.1_magic-string@1.2.3_magicast@0.5.4_rolldown@1.2.7_unplugin@3.3.0_esbuild@0.28_stj2nqtnmcjryhonljmywjkbwu\node_modules\@iconify\utils\package.json imported from D:\Projects\TixXinBlog\node_modules\.pnpm\@nuxt+icon@2.5.1_magic-string@1.2.3_magicast@0.5.4_rolldown@1.2.7_unplugin@3.3.0_esbuild@0.28_stj2nqtnmcjryhonljmywjkbwu\node_modules\@nuxt\icon\dist\runtime\server\api.js. Mapping specifiers ending in "/" is no longer supported.
(Use `node --trace-deprecation ...` to show where the warning was created)
(node:23336) [DEP0155] DeprecationWarning: Use of deprecated trailing slash pattern mapping "./" in the "exports" field module resolution of the package at D:\Projects\TixXinBlog\node_modules\.pnpm\node_modules\@iconify\utils\package.json imported from D:\Projects\TixXinBlog\node_modules\.pnpm\nuxt@4.5.2_@babel+plugin-syntax-jsx@7.29.7_@babel+core@7.29.7__@babel+plugin-syntax-typescrip_dg6wl7tza5t72wysths3tkof4q\node_modules\nuxt\node_modules\. Mapping specifiers ending in "/" is no longer supported.
(node:23336) [DEP0155] DeprecationWarning: Use of deprecated trailing slash pattern mapping "./" in the "exports" field module resolution of the package at D:\Projects\TixXinBlog\node_modules\.pnpm\@nuxt+nitro-server@4.5.2_lz7wld24tggq7mhdzxfc7rzeva\node_modules\@vue\shared\package.json imported from D:\Projects\TixXinBlog\node_modules\.pnpm\@nuxt+nitro-server@4.5.2_lz7wld24tggq7mhdzxfc7rzeva\node_modules\@nuxt\nitro-server\dist\runtime\templates\error-500.mjs. Mapping specifiers ending in "/" is no longer supported.
(node:23336) [DEP0155] DeprecationWarning: Use of deprecated trailing slash pattern mapping "./" in the "exports" field module resolution of the package at D:\Projects\TixXinBlog\.codex\content-navigation\frontend\node_modules\markdown-it\package.json imported from D:\Projects\TixXinBlog\.codex\content-navigation\frontend\.nuxt\dist\server\_nuxt\_id_-BbzbsDVa.js. Mapping specifiers ending in "/" is no longer supported.
(node:23336) [DEP0155] DeprecationWarning: Use of deprecated trailing slash pattern mapping "./" in the "exports" field module resolution of the package at D:\Projects\TixXinBlog\.codex\content-navigation\frontend\node_modules\shiki\package.json imported from D:\Projects\TixXinBlog\.codex\content-navigation\frontend\.nuxt\dist\server\_nuxt\_id_-BbzbsDVa.js. Mapping specifiers ending in "/" is no longer supported.
(node:23336) [DEP0155] DeprecationWarning: Use of deprecated trailing slash pattern mapping "./" in the "exports" field module resolution of the package at D:\Projects\TixXinBlog\.codex\content-navigation\frontend\node_modules\@vueuse\core\package.json imported from D:\Projects\TixXinBlog\.codex\content-navigation\frontend\.nuxt\dist\server\_nuxt\guestbook-C5NAv53m.js. Mapping specifiers ending in "/" is no longer supported.
(node:23336) [DEP0155] DeprecationWarning: Use of deprecated trailing slash pattern mapping "./" in the "exports" field module resolution of the package at D:\Projects\TixXinBlog\node_modules\.pnpm\@vueuse+integrations@14.4.0_change-case@5.4.4_fuse.js@7.5.0_sortablejs@1.15.7_vue@3.5.42_typescript@6.0.3_\node_modules\@vueuse\core\package.json imported from D:\Projects\TixXinBlog\node_modules\.pnpm\@vueuse+integrations@14.4.0_change-case@5.4.4_fuse.js@7.5.0_sortablejs@1.15.7_vue@3.5.42_typescript@6.0.3_\node_modules\@vueuse\integrations\dist\useSortable.js. Mapping specifiers ending in "/" is no longer supported.
(node:23336) [DEP0155] DeprecationWarning: Use of deprecated trailing slash pattern mapping "./" in the "exports" field module resolution of the package at D:\Projects\TixXinBlog\node_modules\.pnpm\@vueuse+core@14.4.0_vue@3.5.42_typescript@6.0.3_\node_modules\@vueuse\shared\package.json imported from D:\Projects\TixXinBlog\node_modules\.pnpm\@vueuse+core@14.4.0_vue@3.5.42_typescript@6.0.3_\node_modules\@vueuse\core\dist\index.js. Mapping specifiers ending in "/" is no longer supported.
[nitro] √ Nuxt Nitro server built
  ├─ .output/server/chunks/_/articlePath.mjs (176 B) (156 B gzip)
  ├─ .output/server/chunks/_/articlePath.mjs.map (245 B) (179 B gzip)
  ├─ .output/server/chunks/_/error-500.mjs (5.05 kB) (2.07 kB gzip)
  ├─ .output/server/chunks/_/error-500.mjs.map (262 B) (196 B gzip)
  ├─ .output/server/chunks/_/icons.mjs (577 kB) (87.7 kB gzip)
  ├─ .output/server/chunks/_/icons.mjs.map (6.41 kB) (102 B gzip)
  ├─ .output/server/chunks/_/mock.mjs (21 kB) (5.6 kB gzip)
  ├─ .output/server/chunks/_/mock.mjs.map (10.5 kB) (1.34 kB gzip)
  ├─ .output/server/chunks/_/nitro.mjs (687 kB) (145 kB gzip)
  ├─ .output/server/chunks/_/nitro.mjs.map (14 kB) (2.03 kB gzip)
  ├─ .output/server/chunks/build/_id_-2-styles-1.mjs-C2e81-SB.mjs (619 B) (343 B gzip)
  ├─ .output/server/chunks/build/_id_-2-styles-1.mjs-C2e81-SB.mjs.map (95 B) (106 B gzip)
  ├─ .output/server/chunks/build/_id_-2-styles-2.mjs-B4qzZMH1.mjs (27 kB) (6.6 kB gzip)
  ├─ .output/server/chunks/build/_id_-2-styles-2.mjs-B4qzZMH1.mjs.map (95 B) (106 B gzip)
  ├─ .output/server/chunks/build/_id_-2-styles-3.mjs-mQrMEK2f.mjs (1.11 kB) (480 B gzip)
  ├─ .output/server/chunks/build/_id_-2-styles-3.mjs-mQrMEK2f.mjs.map (95 B) (106 B gzip)
  ├─ .output/server/chunks/build/_id_-2-styles-4.mjs-21AhUa8x.mjs (2.2 kB) (738 B gzip)
  ├─ .output/server/chunks/build/_id_-2-styles-4.mjs-21AhUa8x.mjs.map (95 B) (106 B gzip)
  ├─ .output/server/chunks/build/_id_-2-styles-5.mjs-DDus8AwY.mjs (26.7 kB) (6.47 kB gzip)
  ├─ .output/server/chunks/build/_id_-2-styles-5.mjs-DDus8AwY.mjs.map (95 B) (106 B gzip)
  ├─ .output/server/chunks/build/_id_-2-styles-6.mjs-8e7YBAc7.mjs (2.17 kB) (732 B gzip)
  ├─ .output/server/chunks/build/_id_-2-styles-6.mjs-8e7YBAc7.mjs.map (95 B) (106 B gzip)
  ├─ .output/server/chunks/build/_id_-2-styles-7.mjs-UXS2ZNJw.mjs (2.4 kB) (798 B gzip)
  ├─ .output/server/chunks/build/_id_-2-styles-7.mjs-UXS2ZNJw.mjs.map (95 B) (106 B gzip)
  ├─ .output/server/chunks/build/_id_-2-styles-8.mjs-Cvow0WpD.mjs (28.8 kB) (6.97 kB gzip)
  ├─ .output/server/chunks/build/_id_-2-styles-8.mjs-Cvow0WpD.mjs.map (95 B) (106 B gzip)
  ├─ .output/server/chunks/build/_id_-BbzbsDVa.mjs (68.4 kB) (14.2 kB gzip)
  ├─ .output/server/chunks/build/_id_-BbzbsDVa.mjs.map (45.1 kB) (9.46 kB gzip)
  ├─ .output/server/chunks/build/_id_-Cj6vjd5K.mjs (1.96 kB) (816 B gzip)
  ├─ .output/server/chunks/build/_id_-Cj6vjd5K.mjs.map (419 B) (240 B gzip)
  ├─ .output/server/chunks/build/_id_-Dzx4qLn2.mjs (19.8 kB) (4.08 kB gzip)
  ├─ .output/server/chunks/build/_id_-Dzx4qLn2.mjs.map (11.4 kB) (2.54 kB gzip)
  ├─ .output/server/chunks/build/_id_-oulavMNg.mjs (16.2 kB) (3.59 kB gzip)
  ├─ .output/server/chunks/build/_id_-oulavMNg.mjs.map (9.23 kB) (2.12 kB gzip)
  ├─ .output/server/chunks/build/_id_-styles-2.B2luPFmc.mjs (3.61 kB) (1.03 kB gzip)
  ├─ .output/server/chunks/build/_id_-styles-2.B2luPFmc.mjs.map (190 B) (153 B gzip)
  ├─ .output/server/chunks/build/_id_-styles-3.B1XaJhxy.mjs (3.05 kB) (958 B gzip)
  ├─ .output/server/chunks/build/_id_-styles-3.B1XaJhxy.mjs.map (190 B) (156 B gzip)
  ├─ .output/server/chunks/build/_id_-styles.CFBmmxeB.mjs (10.2 kB) (2.06 kB gzip)
  ├─ .output/server/chunks/build/_id_-styles.CFBmmxeB.mjs.map (500 B) (219 B gzip)
  ├─ .output/server/chunks/build/_name_-3J0jnpjP.mjs (9.7 kB) (2.51 kB gzip)
  ├─ .output/server/chunks/build/_name_-3J0jnpjP.mjs.map (5.12 kB) (1.32 kB gzip)
  ├─ .output/server/chunks/build/_name_-styles.DFqEoR9T.mjs (2.2 kB) (779 B gzip)
  ├─ .output/server/chunks/build/_name_-styles.DFqEoR9T.mjs.map (190 B) (153 B gzip)
  ├─ .output/server/chunks/build/about-CakNNTVU.mjs (16 kB) (4.01 kB gzip)
  ├─ .output/server/chunks/build/about-CakNNTVU.mjs.map (5.8 kB) (1.38 kB gzip)
  ├─ .output/server/chunks/build/about-styles-1.mjs-iKnWSWWp.mjs (1.72 kB) (641 B gzip)
  ├─ .output/server/chunks/build/about-styles-1.mjs-iKnWSWWp.mjs.map (94 B) (105 B gzip)
  ├─ .output/server/chunks/build/about-styles-2.mjs-CeJdMj9e.mjs (1.22 kB) (517 B gzip)
  ├─ .output/server/chunks/build/about-styles-2.mjs-CeJdMj9e.mjs.map (94 B) (105 B gzip)
  ├─ .output/server/chunks/build/about-styles-3.mjs-BpzltnSt.mjs (1.48 kB) (566 B gzip)
  ├─ .output/server/chunks/build/about-styles-3.mjs-BpzltnSt.mjs.map (94 B) (103 B gzip)
  ├─ .output/server/chunks/build/about-styles-4.mjs-5ivzyzu2.mjs (2.06 kB) (673 B gzip)
  ├─ .output/server/chunks/build/about-styles-4.mjs-5ivzyzu2.mjs.map (94 B) (102 B gzip)
  ├─ .output/server/chunks/build/about-styles.BhczGzJn.mjs (3.15 kB) (878 B gzip)
  ├─ .output/server/chunks/build/about-styles.BhczGzJn.mjs.map (359 B) (194 B gzip)
  ├─ .output/server/chunks/build/AboutHero-styles.CkC3fjv-.mjs (359 B) (216 B gzip)
  ├─ .output/server/chunks/build/AboutHero-styles.CkC3fjv-.mjs.map (196 B) (153 B gzip)
  ├─ .output/server/chunks/build/account-CR6t1mxb.mjs (4.93 kB) (1.74 kB gzip)
  ├─ .output/server/chunks/build/account-CR6t1mxb.mjs.map (3.04 kB) (846 B gzip)
  ├─ .output/server/chunks/build/account-styles.CZWcsuT7.mjs (1.78 kB) (615 B gzip)
  ├─ .output/server/chunks/build/account-styles.CZWcsuT7.mjs.map (221 B) (170 B gzip)
  ├─ .output/server/chunks/build/admin-B3I0DY1J.mjs (7.8 kB) (2.32 kB gzip)
  ├─ .output/server/chunks/build/admin-B3I0DY1J.mjs.map (4.37 kB) (1.11 kB gzip)
  ├─ .output/server/chunks/build/admin-B8xrdZcC.mjs (8.94 kB) (2.57 kB gzip)
  ├─ .output/server/chunks/build/admin-B8xrdZcC.mjs.map (4.95 kB) (1.19 kB gzip)
  ├─ .output/server/chunks/build/admin-styles.Cj3TFDxy.mjs (2.57 kB) (829 B gzip)
  ├─ .output/server/chunks/build/admin-styles.Cj3TFDxy.mjs.map (188 B) (153 B gzip)
  ├─ .output/server/chunks/build/api-B8TRSqzR.mjs (4.07 kB) (1.05 kB gzip)
  ├─ .output/server/chunks/build/api-B8TRSqzR.mjs.map (4.64 kB) (1.07 kB gzip)
  ├─ .output/server/chunks/build/AppearanceDrawer-styles.D1CvgqLI.mjs (396 B) (227 B gzip)
  ├─ .output/server/chunks/build/AppearanceDrawer-styles.D1CvgqLI.mjs.map (210 B) (160 B gzip)
  ├─ .output/server/chunks/build/AppearanceEntry-CkpwZWK8.mjs (4.04 kB) (1.23 kB gzip)
  ├─ .output/server/chunks/build/AppearanceEntry-CkpwZWK8.mjs.map (1.34 kB) (518 B gzip)
  ├─ .output/server/chunks/build/AppearanceEntry-styles.DLYsVK5_.mjs (1.72 kB) (568 B gzip)
  ├─ .output/server/chunks/build/AppearanceEntry-styles.DLYsVK5_.mjs.map (208 B) (160 B gzip)
  ├─ .output/server/chunks/build/AppLoadingScreen-styles.C0L4VJFn.mjs (394 B) (227 B gzip)
  ├─ .output/server/chunks/build/AppLoadingScreen-styles.C0L4VJFn.mjs.map (210 B) (162 B gzip)
  ├─ .output/server/chunks/build/AppLoadingTopBar-styles.DteUjWk7.mjs (394 B) (226 B gzip)
  ├─ .output/server/chunks/build/AppLoadingTopBar-styles.DteUjWk7.mjs.map (210 B) (163 B gzip)
  ├─ .output/server/chunks/build/archive-CixajU8b.mjs (9.59 kB) (2.67 kB gzip)
  ├─ .output/server/chunks/build/archive-CixajU8b.mjs.map (3.18 kB) (972 B gzip)
  ├─ .output/server/chunks/build/archive-styles-1.mjs-Rfq2s5YX.mjs (2.48 kB) (770 B gzip)
  ├─ .output/server/chunks/build/archive-styles-1.mjs-Rfq2s5YX.mjs.map (96 B) (106 B gzip)
  ├─ .output/server/chunks/build/archive-styles-2.mjs-DLOBG31u.mjs (1.49 kB) (550 B gzip)
  ├─ .output/server/chunks/build/archive-styles-2.mjs-DLOBG31u.mjs.map (96 B) (107 B gzip)
  ├─ .output/server/chunks/build/archive-styles.C_4_ckCc.mjs (2.66 kB) (792 B gzip)
  ├─ .output/server/chunks/build/archive-styles.C_4_ckCc.mjs.map (278 B) (184 B gzip)
  ├─ .output/server/chunks/build/ArchiveItem-styles.DI3HlzV7.mjs (371 B) (224 B gzip)
  ├─ .output/server/chunks/build/ArchiveItem-styles.DI3HlzV7.mjs.map (200 B) (158 B gzip)
  ├─ .output/server/chunks/build/ArchiveTimeline-styles.B5JwKFwH.mjs (391 B) (226 B gzip)
  ├─ .output/server/chunks/build/ArchiveTimeline-styles.B5JwKFwH.mjs.map (208 B) (161 B gzip)
  ├─ .output/server/chunks/build/ArticleContent-styles.Boq-QNS3.mjs (383 B) (229 B gzip)
  ├─ .output/server/chunks/build/ArticleContent-styles.Boq-QNS3.mjs.map (206 B) (159 B gzip)
  ├─ .output/server/chunks/build/ArticleNav-styles.BBC4VsLp.mjs (365 B) (222 B gzip)
  ├─ .output/server/chunks/build/ArticleNav-styles.BBC4VsLp.mjs.map (198 B) (156 B gzip)
  ├─ .output/server/chunks/build/articlePath-DcJXogVE.mjs (185 B) (165 B gzip)
  ├─ .output/server/chunks/build/articlePath-DcJXogVE.mjs.map (255 B) (189 B gzip)
  ├─ .output/server/chunks/build/audit-D5JHqkPa.mjs (5.68 kB) (2.11 kB gzip)
  ├─ .output/server/chunks/build/audit-D5JHqkPa.mjs.map (4.42 kB) (1.19 kB gzip)
  ├─ .output/server/chunks/build/audit-styles.C8QjugFF.mjs (1.52 kB) (594 B gzip)
  ├─ .output/server/chunks/build/audit-styles.C8QjugFF.mjs.map (217 B) (167 B gzip)
  ├─ .output/server/chunks/build/AuthForgotForm-styles.DwGC7u4A.mjs (384 B) (225 B gzip)
  ├─ .output/server/chunks/build/AuthForgotForm-styles.DwGC7u4A.mjs.map (206 B) (158 B gzip)
  ├─ .output/server/chunks/build/AuthLoginForm-rQmvHN46.mjs (3.11 kB) (1.16 kB gzip)
  ├─ .output/server/chunks/build/AuthLoginForm-rQmvHN46.mjs.map (1.11 kB) (382 B gzip)
  ├─ .output/server/chunks/build/AuthLoginForm-styles.db7RkSq0.mjs (491 B) (287 B gzip)
  ├─ .output/server/chunks/build/AuthLoginForm-styles.db7RkSq0.mjs.map (204 B) (160 B gzip)
  ├─ .output/server/chunks/build/AuthPanel-styles.DZVeuRuZ.mjs (492 B) (235 B gzip)
  ├─ .output/server/chunks/build/AuthPanel-styles.DZVeuRuZ.mjs.map (223 B) (170 B gzip)
  ├─ .output/server/chunks/build/AuthRegisterForm-styles.BdO6LaiK.mjs (394 B) (226 B gzip)
  ├─ .output/server/chunks/build/AuthRegisterForm-styles.BdO6LaiK.mjs.map (210 B) (162 B gzip)
  ├─ .output/server/chunks/build/CategoryCard-styles.CAu7G6t0.mjs (376 B) (222 B gzip)
  ├─ .output/server/chunks/build/CategoryCard-styles.CAu7G6t0.mjs.map (202 B) (156 B gzip)
  ├─ .output/server/chunks/build/CodeBlock-styles.DQjCXVi7.mjs (360 B) (222 B gzip)
  ├─ .output/server/chunks/build/CodeBlock-styles.DQjCXVi7.mjs.map (196 B) (157 B gzip)
  ├─ .output/server/chunks/build/CommentBubble-styles.BGg_GjXw.mjs (380 B) (225 B gzip)
  ├─ .output/server/chunks/build/CommentBubble-styles.BGg_GjXw.mjs.map (204 B) (158 B gzip)
  ├─ .output/server/chunks/build/comments-4Ah_U2_9.mjs (6.03 kB) (2.12 kB gzip)
  ├─ .output/server/chunks/build/comments-4Ah_U2_9.mjs.map (4.85 kB) (1.26 kB gzip)
  ├─ .output/server/chunks/build/comments-styles.D9_xWksE.mjs (1.12 kB) (451 B gzip)
  ├─ .output/server/chunks/build/comments-styles.D9_xWksE.mjs.map (194 B) (153 B gzip)
  ├─ .output/server/chunks/build/CommentSection-styles.w3_1pnEP.mjs (385 B) (224 B gzip)
  ├─ .output/server/chunks/build/CommentSection-styles.w3_1pnEP.mjs.map (206 B) (157 B gzip)
  ├─ .output/server/chunks/build/ContactCards-styles.-Pn3R3NR.mjs (372 B) (223 B gzip)
  ├─ .output/server/chunks/build/ContactCards-styles.-Pn3R3NR.mjs.map (202 B) (157 B gzip)
  ├─ .output/server/chunks/build/ContentImage-Cymazuah.mjs (1.6 kB) (668 B gzip)
  ├─ .output/server/chunks/build/ContentImage-Cymazuah.mjs.map (575 B) (258 B gzip)
  ├─ .output/server/chunks/build/ContextDrawer-CFbtkXmR.mjs (2.98 kB) (1.09 kB gzip)
  ├─ .output/server/chunks/build/ContextDrawer-CFbtkXmR.mjs.map (982 B) (417 B gzip)
  ├─ .output/server/chunks/build/ContextDrawer-styles.BDq9DXvL.mjs (1.8 kB) (709 B gzip)
  ├─ .output/server/chunks/build/ContextDrawer-styles.BDq9DXvL.mjs.map (204 B) (159 B gzip)
  ├─ .output/server/chunks/build/CustomScrollbar-DvpdLm7i.mjs (10.1 kB) (3.06 kB gzip)
  ├─ .output/server/chunks/build/CustomScrollbar-DvpdLm7i.mjs.map (7.39 kB) (1.98 kB gzip)
  ├─ .output/server/chunks/build/CustomScrollbar-styles.IQGdmmRj.mjs (5.45 kB) (1.32 kB gzip)
  ├─ .output/server/chunks/build/CustomScrollbar-styles.IQGdmmRj.mjs.map (208 B) (160 B gzip)
  ├─ .output/server/chunks/build/DailyQuoteCard-BjkuLjEQ.mjs (2.74 kB) (1.02 kB gzip)
  ├─ .output/server/chunks/build/DailyQuoteCard-BjkuLjEQ.mjs.map (663 B) (313 B gzip)
  ├─ .output/server/chunks/build/DailyQuoteCard-styles.D0XPYG-o.mjs (1.57 kB) (615 B gzip)
  ├─ .output/server/chunks/build/DailyQuoteCard-styles.D0XPYG-o.mjs.map (206 B) (160 B gzip)
  ├─ .output/server/chunks/build/default-C2P3vrQw.mjs (16.4 kB) (3.8 kB gzip)
  ├─ .output/server/chunks/build/default-C2P3vrQw.mjs.map (7.81 kB) (2.11 kB gzip)
  ├─ .output/server/chunks/build/default-styles-1.mjs-BfS9ugbi.mjs (628 B) (364 B gzip)
  ├─ .output/server/chunks/build/default-styles-1.mjs-BfS9ugbi.mjs.map (96 B) (106 B gzip)
  ├─ .output/server/chunks/build/default-styles-2.mjs-1H7i8KTG.mjs (6.88 kB) (1.64 kB gzip)
  ├─ .output/server/chunks/build/default-styles-2.mjs-1H7i8KTG.mjs.map (96 B) (107 B gzip)
  ├─ .output/server/chunks/build/default-styles-3.mjs-B6pwxwU5.mjs (1.01 kB) (480 B gzip)
  ├─ .output/server/chunks/build/default-styles-3.mjs-B6pwxwU5.mjs.map (96 B) (106 B gzip)
  ├─ .output/server/chunks/build/default-styles.-8xwMjHB.mjs (1.39 kB) (571 B gzip)
  ├─ .output/server/chunks/build/default-styles.-8xwMjHB.mjs.map (277 B) (184 B gzip)
  ├─ .output/server/chunks/build/dist-C_x6KTI0.mjs (21.2 kB) (5.42 kB gzip)
  ├─ .output/server/chunks/build/dist-C_x6KTI0.mjs.map (201 B) (162 B gzip)
  ├─ .output/server/chunks/build/EmptyState-styles.D2h_uful.mjs (368 B) (220 B gzip)
  ├─ .output/server/chunks/build/EmptyState-styles.D2h_uful.mjs.map (198 B) (155 B gzip)
  ├─ .output/server/chunks/build/entry-styles-1.mjs-BLhUeGt5.mjs (1.21 kB) (466 B gzip)
  ├─ .output/server/chunks/build/entry-styles-1.mjs-BLhUeGt5.mjs.map (94 B) (105 B gzip)
  ├─ .output/server/chunks/build/entry-styles-10.mjs-CcPO8W_v.mjs (1.76 kB) (651 B gzip)
  ├─ .output/server/chunks/build/entry-styles-10.mjs-CcPO8W_v.mjs.map (95 B) (106 B gzip)
  ├─ .output/server/chunks/build/entry-styles-11.mjs-Cfyla3tZ.mjs (784 B) (424 B gzip)
  ├─ .output/server/chunks/build/entry-styles-11.mjs-Cfyla3tZ.mjs.map (95 B) (103 B gzip)
  ├─ .output/server/chunks/build/entry-styles-2.mjs-CkIq26Ea.mjs (29.4 kB) (7.24 kB gzip)
  ├─ .output/server/chunks/build/entry-styles-2.mjs-CkIq26Ea.mjs.map (94 B) (105 B gzip)
  ├─ .output/server/chunks/build/entry-styles-5.mjs-DvaZp4eL.mjs (323 B) (222 B gzip)
  ├─ .output/server/chunks/build/entry-styles-5.mjs-DvaZp4eL.mjs.map (94 B) (104 B gzip)
  ├─ .output/server/chunks/build/entry-styles-6.mjs-C49On9qs.mjs (319 B) (221 B gzip)
  ├─ .output/server/chunks/build/entry-styles-6.mjs-C49On9qs.mjs.map (94 B) (105 B gzip)
  ├─ .output/server/chunks/build/entry-styles-8.mjs-Cd4wLIwq.mjs (5.05 kB) (1.22 kB gzip)
  ├─ .output/server/chunks/build/entry-styles-8.mjs-Cd4wLIwq.mjs.map (96 B) (107 B gzip)
  ├─ .output/server/chunks/build/entry-styles.Dj3pF8CQ.mjs (34.8 kB) (8.18 kB gzip)
  ├─ .output/server/chunks/build/entry-styles.Dj3pF8CQ.mjs.map (471 B) (212 B gzip)
  ├─ .output/server/chunks/build/error-styles.O3W2wQiP.mjs (340 B) (217 B gzip)
  ├─ .output/server/chunks/build/error-styles.O3W2wQiP.mjs.map (188 B) (154 B gzip)
  ├─ .output/server/chunks/build/ExperienceTimeline-styles.bw6xWi8W.mjs (404 B) (223 B gzip)
  ├─ .output/server/chunks/build/ExperienceTimeline-styles.bw6xWi8W.mjs.map (214 B) (162 B gzip)
  ├─ .output/server/chunks/build/flash-CiovtQCz.mjs (78.1 kB) (16.7 kB gzip)
  ├─ .output/server/chunks/build/flash-CiovtQCz.mjs.map (53.2 kB) (10.7 kB gzip)
  ├─ .output/server/chunks/build/FlashAISearchModal-styles.C0g2I9pP.mjs (406 B) (231 B gzip)
  ├─ .output/server/chunks/build/FlashAISearchModal-styles.C0g2I9pP.mjs.map (214 B) (164 B gzip)
  ├─ .output/server/chunks/build/FlashEditor-styles.Dsfd9yXI.mjs (32.6 kB) (7.72 kB gzip)
  ├─ .output/server/chunks/build/FlashEditor-styles.Dsfd9yXI.mjs.map (200 B) (157 B gzip)
  ├─ .output/server/chunks/build/flashes-CGLPJOPK.mjs (9.98 kB) (3.06 kB gzip)
  ├─ .output/server/chunks/build/flashes-CGLPJOPK.mjs.map (8.37 kB) (1.88 kB gzip)
  ├─ .output/server/chunks/build/flashes-styles.B18Yxcm_.mjs (1.99 kB) (691 B gzip)
  ├─ .output/server/chunks/build/flashes-styles.B18Yxcm_.mjs.map (192 B) (154 B gzip)
  ├─ .output/server/chunks/build/FlashImageGrid-styles.QCmub7QQ.mjs (1.16 kB) (507 B gzip)
  ├─ .output/server/chunks/build/FlashImageGrid-styles.QCmub7QQ.mjs.map (206 B) (159 B gzip)
  ├─ .output/server/chunks/build/FlashNoteCard-styles.B_eqd7r5.mjs (10.3 kB) (2.23 kB gzip)
  ├─ .output/server/chunks/build/FlashNoteCard-styles.B_eqd7r5.mjs.map (204 B) (159 B gzip)
  ├─ .output/server/chunks/build/FlashNoteList-styles.CdqwOQ1o.mjs (381 B) (225 B gzip)
  ├─ .output/server/chunks/build/FlashNoteList-styles.CdqwOQ1o.mjs.map (204 B) (159 B gzip)
  ├─ .output/server/chunks/build/gallery-Cy_2nsWq.mjs (23.6 kB) (5.75 kB gzip)
  ├─ .output/server/chunks/build/gallery-Cy_2nsWq.mjs.map (11.9 kB) (2.54 kB gzip)
  ├─ .output/server/chunks/build/gallery-styles-1.mjs-D9cpet9a.mjs (1.26 kB) (498 B gzip)
  ├─ .output/server/chunks/build/gallery-styles-1.mjs-D9cpet9a.mjs.map (96 B) (104 B gzip)
  ├─ .output/server/chunks/build/gallery-styles-2.mjs-BvTnUHFg.mjs (1.6 kB) (626 B gzip)
  ├─ .output/server/chunks/build/gallery-styles-2.mjs-BvTnUHFg.mjs.map (96 B) (107 B gzip)
  ├─ .output/server/chunks/build/gallery-styles-3.mjs-CmD8bK9D.mjs (446 B) (250 B gzip)
  ├─ .output/server/chunks/build/gallery-styles-3.mjs-CmD8bK9D.mjs.map (96 B) (106 B gzip)
  ├─ .output/server/chunks/build/gallery-styles-4.mjs-DW61OiqK.mjs (1.64 kB) (677 B gzip)
  ├─ .output/server/chunks/build/gallery-styles-4.mjs-DW61OiqK.mjs.map (96 B) (107 B gzip)
  ├─ .output/server/chunks/build/gallery-styles.DqqbV-hL.mjs (3.54 kB) (916 B gzip)
  ├─ .output/server/chunks/build/gallery-styles.DqqbV-hL.mjs.map (363 B) (196 B gzip)
  ├─ .output/server/chunks/build/GalleryFilter-styles.Bt629JZf.mjs (381 B) (223 B gzip)
  ├─ .output/server/chunks/build/GalleryFilter-styles.Bt629JZf.mjs.map (204 B) (159 B gzip)
  ├─ .output/server/chunks/build/GalleryGrid-styles.DYAU12xv.mjs (371 B) (224 B gzip)
  ├─ .output/server/chunks/build/GalleryGrid-styles.DYAU12xv.mjs.map (200 B) (158 B gzip)
  ├─ .output/server/chunks/build/GalleryItem-styles.Ccvo8UdK.mjs (371 B) (222 B gzip)
  ├─ .output/server/chunks/build/GalleryItem-styles.Ccvo8UdK.mjs.map (200 B) (157 B gzip)
  ├─ .output/server/chunks/build/guestbook-C5NAv53m.mjs (64.1 kB) (12.9 kB gzip)
  ├─ .output/server/chunks/build/guestbook-C5NAv53m.mjs.map (34.3 kB) (5.69 kB gzip)
  ├─ .output/server/chunks/build/guestbook-styles-1.mjs-BfioSm6r.mjs (1.93 kB) (724 B gzip)
  ├─ .output/server/chunks/build/guestbook-styles-1.mjs-BfioSm6r.mjs.map (98 B) (108 B gzip)
  ├─ .output/server/chunks/build/guestbook-styles-2.mjs-DEMjnCfs.mjs (5.43 kB) (1.28 kB gzip)
  ├─ .output/server/chunks/build/guestbook-styles-2.mjs-DEMjnCfs.mjs.map (98 B) (106 B gzip)
  ├─ .output/server/chunks/build/guestbook-styles-3.mjs-CaMoEYRd.mjs (1.41 kB) (551 B gzip)
  ├─ .output/server/chunks/build/guestbook-styles-3.mjs-CaMoEYRd.mjs.map (98 B) (107 B gzip)
  ├─ .output/server/chunks/build/guestbook-styles-4.mjs-3TewE_Lc.mjs (2.38 kB) (841 B gzip)
  ├─ .output/server/chunks/build/guestbook-styles-4.mjs-3TewE_Lc.mjs.map (98 B) (107 B gzip)
  ├─ .output/server/chunks/build/guestbook-styles-5.mjs-DY_aKONh.mjs (10.5 kB) (2.01 kB gzip)
  ├─ .output/server/chunks/build/guestbook-styles-5.mjs-DY_aKONh.mjs.map (98 B) (108 B gzip)
  ├─ .output/server/chunks/build/guestbook-styles-6.mjs-BwYE8hhc.mjs (805 B) (411 B gzip)
  ├─ .output/server/chunks/build/guestbook-styles-6.mjs-BwYE8hhc.mjs.map (98 B) (108 B gzip)
  ├─ .output/server/chunks/build/guestbook-styles.CjYMw0VC.mjs (11 kB) (2.39 kB gzip)
  ├─ .output/server/chunks/build/guestbook-styles.CjYMw0VC.mjs.map (452 B) (212 B gzip)
  ├─ .output/server/chunks/build/GuestIdentityModal-CQ-gULza.mjs (10.3 kB) (2.85 kB gzip)
  ├─ .output/server/chunks/build/GuestIdentityModal-CQ-gULza.mjs.map (5.08 kB) (1.44 kB gzip)
  ├─ .output/server/chunks/build/GuestIdentityModal-styles.CLOi9nbb.mjs (5.21 kB) (1.27 kB gzip)
  ├─ .output/server/chunks/build/GuestIdentityModal-styles.CLOi9nbb.mjs.map (214 B) (163 B gzip)
  ├─ .output/server/chunks/build/HeatmapGrid-styles.Rz6C5GPh.mjs (511 B) (241 B gzip)
  ├─ .output/server/chunks/build/HeatmapGrid-styles.Rz6C5GPh.mjs.map (227 B) (173 B gzip)
  ├─ .output/server/chunks/build/ImageFrame-styles.DBvWsyiN.mjs (1.29 kB) (553 B gzip)
  ├─ .output/server/chunks/build/ImageFrame-styles.DBvWsyiN.mjs.map (198 B) (157 B gzip)
  ├─ .output/server/chunks/build/index-2-styles-1.mjs-B9LGzFBz.mjs (2.08 kB) (707 B gzip)
  ├─ .output/server/chunks/build/index-2-styles-1.mjs-B9LGzFBz.mjs.map (96 B) (107 B gzip)
  ├─ .output/server/chunks/build/index-2-styles-2.mjs-Bv0ARoew.mjs (2.41 kB) (744 B gzip)
  ├─ .output/server/chunks/build/index-2-styles-2.mjs-Bv0ARoew.mjs.map (96 B) (105 B gzip)
  ├─ .output/server/chunks/build/index-2-styles-3.mjs-bSWQV00c.mjs (5.31 kB) (1.39 kB gzip)
  ├─ .output/server/chunks/build/index-2-styles-3.mjs-bSWQV00c.mjs.map (96 B) (106 B gzip)
  ├─ .output/server/chunks/build/index-5-styles-1.mjs-BODBS9Gj.mjs (1.18 kB) (509 B gzip)
  ├─ .output/server/chunks/build/index-5-styles-1.mjs-BODBS9Gj.mjs.map (96 B) (107 B gzip)
  ├─ .output/server/chunks/build/index-5-styles-4.mjs-DiiIBwOZ.mjs (5.06 kB) (1.28 kB gzip)
  ├─ .output/server/chunks/build/index-5-styles-4.mjs-DiiIBwOZ.mjs.map (96 B) (106 B gzip)
  ├─ .output/server/chunks/build/index-styles-2.80NFszdu.mjs (3.45 kB) (1.02 kB gzip)
  ├─ .output/server/chunks/build/index-styles-2.80NFszdu.mjs.map (306 B) (185 B gzip)
  ├─ .output/server/chunks/build/index-styles-3.fpDTBojd.mjs (4.97 kB) (1.34 kB gzip)
  ├─ .output/server/chunks/build/index-styles-3.fpDTBojd.mjs.map (250 B) (178 B gzip)
  ├─ .output/server/chunks/build/index-styles-4.Ce3Cw3O8.mjs (3.04 kB) (935 B gzip)
  ├─ .output/server/chunks/build/index-styles-4.Ce3Cw3O8.mjs.map (221 B) (170 B gzip)
  ├─ .output/server/chunks/build/index-styles-5.DJjFhtoS.mjs (16 kB) (2.83 kB gzip)
  ├─ .output/server/chunks/build/index-styles-5.DJjFhtoS.mjs.map (307 B) (190 B gzip)
  ├─ .output/server/chunks/build/index-styles.DWDaJWZ5.mjs (1.77 kB) (636 B gzip)
  ├─ .output/server/chunks/build/index-styles.DWDaJWZ5.mjs.map (188 B) (154 B gzip)
  ├─ .output/server/chunks/build/LightBox-styles.sMUaWaiK.mjs (356 B) (219 B gzip)
  ├─ .output/server/chunks/build/LightBox-styles.sMUaWaiK.mjs.map (194 B) (156 B gzip)
  ├─ .output/server/chunks/build/LinkCard-styles.D4MgQuUF.mjs (354 B) (216 B gzip)
  ├─ .output/server/chunks/build/LinkCard-styles.D4MgQuUF.mjs.map (194 B) (157 B gzip)
  ├─ .output/server/chunks/build/LinkForm-styles.B4CQ-TaC.mjs (352 B) (221 B gzip)
  ├─ .output/server/chunks/build/LinkForm-styles.B4CQ-TaC.mjs.map (194 B) (157 B gzip)
  ├─ .output/server/chunks/build/LinkGrid-styles.CYMoA3Uv.mjs (354 B) (218 B gzip)
  ├─ .output/server/chunks/build/LinkGrid-styles.CYMoA3Uv.mjs.map (194 B) (156 B gzip)
  ├─ .output/server/chunks/build/links-B7HSJReW.mjs (13.1 kB) (3.54 kB gzip)
  ├─ .output/server/chunks/build/links-B7HSJReW.mjs.map (4.42 kB) (1.09 kB gzip)
  ├─ .output/server/chunks/build/links-styles-1.mjs-CAS5-AxA.mjs (1.63 kB) (619 B gzip)
  ├─ .output/server/chunks/build/links-styles-1.mjs-CAS5-AxA.mjs.map (94 B) (105 B gzip)
  ├─ .output/server/chunks/build/links-styles-2.mjs-Ck3UvINo.mjs (519 B) (278 B gzip)
  ├─ .output/server/chunks/build/links-styles-2.mjs-Ck3UvINo.mjs.map (94 B) (105 B gzip)
  ├─ .output/server/chunks/build/links-styles-3.mjs-Bpy6IWq8.mjs (1.03 kB) (461 B gzip)
  ├─ .output/server/chunks/build/links-styles-3.mjs-Bpy6IWq8.mjs.map (94 B) (105 B gzip)
  ├─ .output/server/chunks/build/links-styles.DbUJtOTF.mjs (2.81 kB) (833 B gzip)
  ├─ .output/server/chunks/build/links-styles.DbUJtOTF.mjs.map (331 B) (189 B gzip)
  ├─ .output/server/chunks/build/login-D3fNXdpq.mjs (3.02 kB) (1.27 kB gzip)
  ├─ .output/server/chunks/build/login-D3fNXdpq.mjs.map (947 B) (401 B gzip)
  ├─ .output/server/chunks/build/login-styles.CcATTk6_.mjs (487 B) (291 B gzip)
  ├─ .output/server/chunks/build/login-styles.CcATTk6_.mjs.map (188 B) (153 B gzip)
  ├─ .output/server/chunks/build/maintenance-DovjxW95.mjs (10.7 kB) (3.21 kB gzip)
  ├─ .output/server/chunks/build/maintenance-DovjxW95.mjs.map (5.06 kB) (986 B gzip)
  ├─ .output/server/chunks/build/maintenance-styles.BKAFjP0T.mjs (1.3 kB) (531 B gzip)
  ├─ .output/server/chunks/build/maintenance-styles.BKAFjP0T.mjs.map (200 B) (157 B gzip)
  ├─ .output/server/chunks/build/Markdown-styles.BRiWWKtE.mjs (1.79 kB) (561 B gzip)
  ├─ .output/server/chunks/build/Markdown-styles.BRiWWKtE.mjs.map (194 B) (157 B gzip)
  ├─ .output/server/chunks/build/media-BBhM8bxp.mjs (2.07 kB) (906 B gzip)
  ├─ .output/server/chunks/build/media-BBhM8bxp.mjs.map (258 B) (181 B gzip)
  ├─ .output/server/chunks/build/media-styles.DPXXpCWb.mjs (402 B) (254 B gzip)
  ├─ .output/server/chunks/build/media-styles.DPXXpCWb.mjs.map (188 B) (153 B gzip)
  ├─ .output/server/chunks/build/MediaLibrary-styles.tO_mIldk.mjs (1.94 kB) (708 B gzip)
  ├─ .output/server/chunks/build/MediaLibrary-styles.tO_mIldk.mjs.map (202 B) (158 B gzip)
  ├─ .output/server/chunks/build/MediaPicker-styles.DHZafgJb.mjs (875 B) (437 B gzip)
  ├─ .output/server/chunks/build/MediaPicker-styles.DHZafgJb.mjs.map (200 B) (158 B gzip)
  ├─ .output/server/chunks/build/MessageBubble-styles.Du0iKizp.mjs (383 B) (225 B gzip)
  ├─ .output/server/chunks/build/MessageBubble-styles.Du0iKizp.mjs.map (204 B) (159 B gzip)
  ├─ .output/server/chunks/build/MessageInput-styles.BWrFQbQF.mjs (378 B) (229 B gzip)
  ├─ .output/server/chunks/build/MessageInput-styles.BWrFQbQF.mjs.map (202 B) (159 B gzip)
  ├─ .output/server/chunks/build/MessageList-styles.DRflWmdP.mjs (373 B) (225 B gzip)
  ├─ .output/server/chunks/build/MessageList-styles.DRflWmdP.mjs.map (200 B) (157 B gzip)
  ├─ .output/server/chunks/build/MessageSkeleton-styles.B1ylgVHe.mjs (393 B) (226 B gzip)
  ├─ .output/server/chunks/build/MessageSkeleton-styles.B1ylgVHe.mjs.map (208 B) (160 B gzip)
  ├─ .output/server/chunks/build/MobileNav-styles.QAzi_zW3.mjs (361 B) (216 B gzip)
  ├─ .output/server/chunks/build/MobileNav-styles.QAzi_zW3.mjs.map (196 B) (156 B gzip)
  ├─ .output/server/chunks/build/mock-DIVmYxG-.mjs (380 B) (311 B gzip)
  ├─ .output/server/chunks/build/mock-DIVmYxG-.mjs.map (292 B) (200 B gzip)
  ├─ .output/server/chunks/build/mock-KdlKePQj.mjs (47.6 kB) (11.6 kB gzip)
  ├─ .output/server/chunks/build/mock-KdlKePQj.mjs.map (20.2 kB) (2.24 kB gzip)
  ├─ .output/server/chunks/build/MomentArticleCard-styles.BuVPynqz.mjs (1.97 kB) (705 B gzip)
  ├─ .output/server/chunks/build/MomentArticleCard-styles.BuVPynqz.mjs.map (212 B) (162 B gzip)
  ├─ .output/server/chunks/build/MomentAuthorCard-styles.Bo0mB1WH.mjs (3.57 kB) (944 B gzip)
  ├─ .output/server/chunks/build/MomentAuthorCard-styles.Bo0mB1WH.mjs.map (210 B) (161 B gzip)
  ├─ .output/server/chunks/build/MomentCalendarCard-styles.9qBZzlsM.mjs (5.36 kB) (1.23 kB gzip)
  ├─ .output/server/chunks/build/MomentCalendarCard-styles.9qBZzlsM.mjs.map (214 B) (162 B gzip)
  ├─ .output/server/chunks/build/MomentCard-5qvAMKfy.mjs (27.3 kB) (5.53 kB gzip)
  ├─ .output/server/chunks/build/MomentCard-5qvAMKfy.mjs.map (14.4 kB) (3.4 kB gzip)
  ├─ .output/server/chunks/build/MomentCard-styles.Vs-x57yR.mjs (8.77 kB) (1.96 kB gzip)
  ├─ .output/server/chunks/build/MomentCard-styles.Vs-x57yR.mjs.map (198 B) (158 B gzip)
  ├─ .output/server/chunks/build/MomentCommentSection-styles.j2AL-ZDc.mjs (4.03 kB) (1.12 kB gzip)
  ├─ .output/server/chunks/build/MomentCommentSection-styles.j2AL-ZDc.mjs.map (218 B) (162 B gzip)
  ├─ .output/server/chunks/build/MomentLinkCard-styles.CONB5G5m.mjs (2.57 kB) (816 B gzip)
  ├─ .output/server/chunks/build/MomentLinkCard-styles.CONB5G5m.mjs.map (206 B) (161 B gzip)
  ├─ .output/server/chunks/build/MomentList-CweuTJZM.mjs (6.5 kB) (2.08 kB gzip)
  ├─ .output/server/chunks/build/MomentList-CweuTJZM.mjs.map (3.95 kB) (1.17 kB gzip)
  ├─ .output/server/chunks/build/MomentList-styles.CMLSf0DV.mjs (1.36 kB) (564 B gzip)
  ├─ .output/server/chunks/build/MomentList-styles.CMLSf0DV.mjs.map (198 B) (157 B gzip)
  ├─ .output/server/chunks/build/moments-DhICn9qk.mjs (13.7 kB) (3.61 kB gzip)
  ├─ .output/server/chunks/build/moments-DhICn9qk.mjs.map (6.04 kB) (1.6 kB gzip)
  ├─ .output/server/chunks/build/MomentTopicCard-styles.wXxHQG3q.mjs (4.12 kB) (1.03 kB gzip)
  ├─ .output/server/chunks/build/MomentTopicCard-styles.wXxHQG3q.mjs.map (208 B) (163 B gzip)
  ├─ .output/server/chunks/build/MomentUserPopover-styles.DAKHbAQk.mjs (2.32 kB) (828 B gzip)
  ├─ .output/server/chunks/build/MomentUserPopover-styles.DAKHbAQk.mjs.map (241 B) (178 B gzip)
  ├─ .output/server/chunks/build/new-BU2Af1P6.mjs (1.82 kB) (761 B gzip)
  ├─ .output/server/chunks/build/new-BU2Af1P6.mjs.map (348 B) (216 B gzip)
  ├─ .output/server/chunks/build/new-HyOuQMw6.mjs (21.3 kB) (4.32 kB gzip)
  ├─ .output/server/chunks/build/new-HyOuQMw6.mjs.map (13.3 kB) (2.76 kB gzip)
  ├─ .output/server/chunks/build/new-styles.BIz5wWYB.mjs (5.26 kB) (1.26 kB gzip)
  ├─ .output/server/chunks/build/new-styles.BIz5wWYB.mjs.map (184 B) (153 B gzip)
  ├─ .output/server/chunks/build/NuxtImg-CP2HeHGk.mjs (16.9 kB) (5.06 kB gzip)
  ├─ .output/server/chunks/build/NuxtImg-CP2HeHGk.mjs.map (1.98 kB) (406 B gzip)
  ├─ .output/server/chunks/build/OwnerProfileCard-BlHYuSIH.mjs (4.11 kB) (1.41 kB gzip)
  ├─ .output/server/chunks/build/OwnerProfileCard-BlHYuSIH.mjs.map (1.51 kB) (528 B gzip)
  ├─ .output/server/chunks/build/OwnerProfileCard-styles.BWL5NoaX.mjs (3.21 kB) (931 B gzip)
  ├─ .output/server/chunks/build/OwnerProfileCard-styles.BWL5NoaX.mjs.map (210 B) (162 B gzip)
  ├─ .output/server/chunks/build/page-B_YAHLL7.mjs (2.7 kB) (1.02 kB gzip)
  ├─ .output/server/chunks/build/page-B_YAHLL7.mjs.map (532 B) (260 B gzip)
  ├─ .output/server/chunks/build/PageHeader-jeeusAYt.mjs (1.98 kB) (794 B gzip)
  ├─ .output/server/chunks/build/PageHeader-jeeusAYt.mjs.map (521 B) (249 B gzip)
  ├─ .output/server/chunks/build/PageHeader-styles.CA_IxOp3.mjs (597 B) (319 B gzip)
  ├─ .output/server/chunks/build/PageHeader-styles.CA_IxOp3.mjs.map (198 B) (155 B gzip)
  ├─ .output/server/chunks/build/pageRequestCancellation-lAlxr8SD.mjs (956 B) (519 B gzip)
  ├─ .output/server/chunks/build/pageRequestCancellation-lAlxr8SD.mjs.map (582 B) (326 B gzip)
  ├─ .output/server/chunks/build/pages-DCXUJCcM.mjs (39.4 kB) (8.89 kB gzip)
  ├─ .output/server/chunks/build/pages-DCXUJCcM.mjs.map (27.4 kB) (6.13 kB gzip)
  ├─ .output/server/chunks/build/PinnedMessage-styles.D4RF0X73.mjs (383 B) (225 B gzip)
  ├─ .output/server/chunks/build/PinnedMessage-styles.D4RF0X73.mjs.map (204 B) (160 B gzip)
  ├─ .output/server/chunks/build/PostCard-C7Qd67ym.mjs (1.78 kB) (749 B gzip)
  ├─ .output/server/chunks/build/PostCard-C7Qd67ym.mjs.map (355 B) (203 B gzip)
  ├─ .output/server/chunks/build/PostCard-Cav_P4Cb.mjs (9.47 kB) (2.17 kB gzip)
  ├─ .output/server/chunks/build/PostCard-Cav_P4Cb.mjs.map (5.83 kB) (1.45 kB gzip)
  ├─ .output/server/chunks/build/PostCard-CgfAQv36.mjs (1.78 kB) (752 B gzip)
  ├─ .output/server/chunks/build/PostCard-CgfAQv36.mjs.map (357 B) (203 B gzip)
  ├─ .output/server/chunks/build/PostCard-DLdqNs8d.mjs (1.78 kB) (748 B gzip)
  ├─ .output/server/chunks/build/PostCard-DLdqNs8d.mjs.map (356 B) (204 B gzip)
  ├─ .output/server/chunks/build/PostCard-styles.B998eDHW.mjs (6.62 kB) (1.55 kB gzip)
  ├─ .output/server/chunks/build/PostCard-styles.B998eDHW.mjs.map (194 B) (156 B gzip)
  ├─ .output/server/chunks/build/PostCardList-styles.BJ-cGC1T.mjs (374 B) (229 B gzip)
  ├─ .output/server/chunks/build/PostCardList-styles.BJ-cGC1T.mjs.map (202 B) (159 B gzip)
  ├─ .output/server/chunks/build/PostConflict-styles.B6MLcWaI.mjs (1.41 kB) (572 B gzip)
  ├─ .output/server/chunks/build/PostConflict-styles.B6MLcWaI.mjs.map (202 B) (160 B gzip)
  ├─ .output/server/chunks/build/posts-CDq0dM7i.mjs (9.24 kB) (2.84 kB gzip)
  ├─ .output/server/chunks/build/posts-CDq0dM7i.mjs.map (8.21 kB) (1.88 kB gzip)
  ├─ .output/server/chunks/build/PostTabs-CwMBsR3o.mjs (2.51 kB) (1.04 kB gzip)
  ├─ .output/server/chunks/build/PostTabs-CwMBsR3o.mjs.map (920 B) (381 B gzip)
  ├─ .output/server/chunks/build/PostTabs-styles.Cz_4D38R.mjs (784 B) (375 B gzip)
  ├─ .output/server/chunks/build/PostTabs-styles.Cz_4D38R.mjs.map (194 B) (157 B gzip)
  ├─ .output/server/chunks/build/PostWorkspace-CoFiTA81.mjs (22.6 kB) (5.73 kB gzip)
  ├─ .output/server/chunks/build/PostWorkspace-CoFiTA81.mjs.map (17 kB) (3.6 kB gzip)
  ├─ .output/server/chunks/build/PostWorkspace-styles.DTd06su7.mjs (1.02 kB) (444 B gzip)
  ├─ .output/server/chunks/build/PostWorkspace-styles.DTd06su7.mjs.map (204 B) (160 B gzip)
  ├─ .output/server/chunks/build/ProjectCard-styles.D_KBepFL.mjs (372 B) (222 B gzip)
  ├─ .output/server/chunks/build/ProjectCard-styles.D_KBepFL.mjs.map (200 B) (157 B gzip)
  ├─ .output/server/chunks/build/ProjectGrid-styles.BsNOWiQL.mjs (372 B) (224 B gzip)
  ├─ .output/server/chunks/build/ProjectGrid-styles.BsNOWiQL.mjs.map (200 B) (159 B gzip)
  ├─ .output/server/chunks/build/projects-aq_-hB9K.mjs (13.7 kB) (3.53 kB gzip)
  ├─ .output/server/chunks/build/projects-aq_-hB9K.mjs.map (6 kB) (1.32 kB gzip)
  ├─ .output/server/chunks/build/projects-styles-1.mjs-DcJeP9WR.mjs (3.57 kB) (964 B gzip)
  ├─ .output/server/chunks/build/projects-styles-1.mjs-DcJeP9WR.mjs.map (97 B) (108 B gzip)
  ├─ .output/server/chunks/build/projects-styles-2.mjs-x70K6dYo.mjs (419 B) (256 B gzip)
  ├─ .output/server/chunks/build/projects-styles-2.mjs-x70K6dYo.mjs.map (97 B) (107 B gzip)
  ├─ .output/server/chunks/build/projects-styles.BNixVQzL.mjs (2.71 kB) (783 B gzip)
  ├─ .output/server/chunks/build/projects-styles.BNixVQzL.mjs.map (309 B) (190 B gzip)
  ├─ .output/server/chunks/build/ReadingProgress-styles.CsGUg-tf.mjs (388 B) (225 B gzip)
  ├─ .output/server/chunks/build/ReadingProgress-styles.CsGUg-tf.mjs.map (208 B) (158 B gzip)
  ├─ .output/server/chunks/build/RootLayout-BHIh7mGE.mjs (5.69 kB) (1.86 kB gzip)
  ├─ .output/server/chunks/build/RootLayout-BHIh7mGE.mjs.map (2.17 kB) (755 B gzip)
  ├─ .output/server/chunks/build/RootLayout-CrxgjIi7.mjs (16.5 kB) (4.15 kB gzip)
  ├─ .output/server/chunks/build/RootLayout-CrxgjIi7.mjs.map (9.31 kB) (2.51 kB gzip)
  ├─ .output/server/chunks/build/RootLayout-mk30WLZ_.mjs (24.4 kB) (5.21 kB gzip)
  ├─ .output/server/chunks/build/RootLayout-mk30WLZ_.mjs.map (10.6 kB) (2.52 kB gzip)
  ├─ .output/server/chunks/build/RootLayout-styles-2.DgQmFmZz.mjs (3.34 kB) (1.17 kB gzip)
  ├─ .output/server/chunks/build/RootLayout-styles-2.DgQmFmZz.mjs.map (202 B) (159 B gzip)
  ├─ .output/server/chunks/build/RootLayout-styles-2.mjs-yfy7ClS5.mjs (2.83 kB) (958 B gzip)
  ├─ .output/server/chunks/build/RootLayout-styles-2.mjs-yfy7ClS5.mjs.map (101 B) (110 B gzip)
  ├─ .output/server/chunks/build/RootLayout-styles-3.D1C7UBYd.mjs (10.5 kB) (2.23 kB gzip)
  ├─ .output/server/chunks/build/RootLayout-styles-3.D1C7UBYd.mjs.map (202 B) (161 B gzip)
  ├─ .output/server/chunks/build/RootLayout-styles-3.mjs--c4Sn8Cj.mjs (2.5 kB) (791 B gzip)
  ├─ .output/server/chunks/build/RootLayout-styles-3.mjs--c4Sn8Cj.mjs.map (99 B) (109 B gzip)
  ├─ .output/server/chunks/build/RootLayout-styles.AyiTqlAJ.mjs (4.38 kB) (1.12 kB gzip)
  ├─ .output/server/chunks/build/RootLayout-styles.AyiTqlAJ.mjs.map (282 B) (187 B gzip)
  ├─ .output/server/chunks/build/SearchBox-styles.Bq5-7cKD.mjs (2.16 kB) (770 B gzip)
  ├─ .output/server/chunks/build/SearchBox-styles.Bq5-7cKD.mjs.map (196 B) (158 B gzip)
  ├─ .output/server/chunks/build/SearchBox-YF-sqSl_.mjs (2.81 kB) (1.07 kB gzip)
  ├─ .output/server/chunks/build/SearchBox-YF-sqSl_.mjs.map (1.06 kB) (401 B gzip)
  ├─ .output/server/chunks/build/ShareButtons-styles.DqZPvuWg.mjs (375 B) (226 B gzip)
  ├─ .output/server/chunks/build/ShareButtons-styles.DqZPvuWg.mjs.map (202 B) (158 B gzip)
  ├─ .output/server/chunks/build/SidebarFooterCard-DirEwP8O.mjs (3.88 kB) (1.33 kB gzip)
  ├─ .output/server/chunks/build/SidebarFooterCard-DirEwP8O.mjs.map (1.16 kB) (428 B gzip)
  ├─ .output/server/chunks/build/SidebarFooterCard-styles.CdZMmPXJ.mjs (2.69 kB) (850 B gzip)
  ├─ .output/server/chunks/build/SidebarFooterCard-styles.CdZMmPXJ.mjs.map (212 B) (163 B gzip)
  ├─ .output/server/chunks/build/SidebarNav-gsMxRSHR.mjs (5.1 kB) (1.55 kB gzip)
  ├─ .output/server/chunks/build/SidebarNav-gsMxRSHR.mjs.map (2.19 kB) (736 B gzip)
  ├─ .output/server/chunks/build/SidebarNav-styles.BTjqBrIb.mjs (780 B) (402 B gzip)
  ├─ .output/server/chunks/build/SidebarNav-styles.BTjqBrIb.mjs.map (198 B) (158 B gzip)
  ├─ .output/server/chunks/build/site-CYtX_fdJ.mjs (8.39 kB) (2.67 kB gzip)
  ├─ .output/server/chunks/build/site-CYtX_fdJ.mjs.map (6.07 kB) (1.47 kB gzip)
  ├─ .output/server/chunks/build/site-styles.Dpb3A9jv.mjs (1.22 kB) (518 B gzip)
  ├─ .output/server/chunks/build/site-styles.Dpb3A9jv.mjs.map (186 B) (150 B gzip)
  ├─ .output/server/chunks/build/SiteAnnouncement-styles.B_ACfaAU.mjs (396 B) (222 B gzip)
  ├─ .output/server/chunks/build/SiteAnnouncement-styles.B_ACfaAU.mjs.map (210 B) (158 B gzip)
  ├─ .output/server/chunks/build/SiteAnnouncementCard-B_Dx_FLQ.mjs (2.94 kB) (1.06 kB gzip)
  ├─ .output/server/chunks/build/SiteAnnouncementCard-B_Dx_FLQ.mjs.map (710 B) (336 B gzip)
  ├─ .output/server/chunks/build/SiteAnnouncementCard-styles.DH_6xs0K.mjs (1.42 kB) (559 B gzip)
  ├─ .output/server/chunks/build/SiteAnnouncementCard-styles.DH_6xs0K.mjs.map (218 B) (163 B gzip)
  ├─ .output/server/chunks/build/SiteStatsCard-styles.DvD-T4DC.mjs (382 B) (228 B gzip)
  ├─ .output/server/chunks/build/SiteStatsCard-styles.DvD-T4DC.mjs.map (204 B) (158 B gzip)
  ├─ .output/server/chunks/build/SkillBars-styles.Nveea4co.mjs (359 B) (216 B gzip)
  ├─ .output/server/chunks/build/SkillBars-styles.Nveea4co.mjs.map (196 B) (154 B gzip)
  ├─ .output/server/chunks/build/StateBlock-styles.D1lPIp5R.mjs (365 B) (224 B gzip)
  ├─ .output/server/chunks/build/StateBlock-styles.D1lPIp5R.mjs.map (198 B) (158 B gzip)
  ├─ .output/server/chunks/build/StatusFooter-3DycZu_f.mjs (1.65 kB) (663 B gzip)
  ├─ .output/server/chunks/build/StatusFooter-3DycZu_f.mjs.map (131 B) (102 B gzip)
  ├─ .output/server/chunks/build/StatusFooter-DG-nDm7T.mjs (4.94 kB) (1.62 kB gzip)
  ├─ .output/server/chunks/build/StatusFooter-DG-nDm7T.mjs.map (2.12 kB) (681 B gzip)
  ├─ .output/server/chunks/build/StatusFooter-DKmvs4UT.mjs (1.65 kB) (661 B gzip)
  ├─ .output/server/chunks/build/StatusFooter-DKmvs4UT.mjs.map (131 B) (102 B gzip)
  ├─ .output/server/chunks/build/StatusFooter-DnRQTp9Z.mjs (22.8 kB) (5.46 kB gzip)
  ├─ .output/server/chunks/build/StatusFooter-DnRQTp9Z.mjs.map (11.7 kB) (2.93 kB gzip)
  ├─ .output/server/chunks/build/StatusFooter-styles-2.CfGU56ws.mjs (3.09 kB) (987 B gzip)
  ├─ .output/server/chunks/build/StatusFooter-styles-2.CfGU56ws.mjs.map (206 B) (161 B gzip)
  ├─ .output/server/chunks/build/StatusFooter-styles.E2Sx8ypL.mjs (17.5 kB) (3.12 kB gzip)
  ├─ .output/server/chunks/build/StatusFooter-styles.E2Sx8ypL.mjs.map (202 B) (157 B gzip)
  ├─ .output/server/chunks/build/StickyHeader-styles.9J7GiZcY.mjs (375 B) (227 B gzip)
  ├─ .output/server/chunks/build/StickyHeader-styles.9J7GiZcY.mjs.map (202 B) (160 B gzip)
  ├─ .output/server/chunks/build/TabAddBookmarkDialog-styles.DQZIrkRG.mjs (413 B) (229 B gzip)
  ├─ .output/server/chunks/build/TabAddBookmarkDialog-styles.DQZIrkRG.mjs.map (218 B) (166 B gzip)
  ├─ .output/server/chunks/build/TabAddCategoryDialog-styles.CVeGBb0G.mjs (414 B) (231 B gzip)
  ├─ .output/server/chunks/build/TabAddCategoryDialog-styles.CVeGBb0G.mjs.map (218 B) (165 B gzip)
  ├─ .output/server/chunks/build/TabBookmarkGrid-styles.D_p8VFiG.mjs (388 B) (225 B gzip)
  ├─ .output/server/chunks/build/TabBookmarkGrid-styles.D_p8VFiG.mjs.map (208 B) (162 B gzip)
  ├─ .output/server/chunks/build/TabBookmarkItem-styles.D1Va-di1.mjs (386 B) (227 B gzip)
  ├─ .output/server/chunks/build/TabBookmarkItem-styles.D1Va-di1.mjs.map (208 B) (161 B gzip)
  ├─ .output/server/chunks/build/TabCommandPalette-styles.Ltd5QbNA.mjs (399 B) (226 B gzip)
  ├─ .output/server/chunks/build/TabCommandPalette-styles.Ltd5QbNA.mjs.map (212 B) (162 B gzip)
  ├─ .output/server/chunks/build/TabContextMenu-styles.DhH38N5x.mjs (383 B) (225 B gzip)
  ├─ .output/server/chunks/build/TabContextMenu-styles.DhH38N5x.mjs.map (206 B) (161 B gzip)
  ├─ .output/server/chunks/build/TabIconPicker-styles.CiEySHr8.mjs (378 B) (225 B gzip)
  ├─ .output/server/chunks/build/TabIconPicker-styles.CiEySHr8.mjs.map (204 B) (160 B gzip)
  ├─ .output/server/chunks/build/TabImportDialog-styles.BtUMorh3.mjs (389 B) (225 B gzip)
  ├─ .output/server/chunks/build/TabImportDialog-styles.BtUMorh3.mjs.map (208 B) (161 B gzip)
  ├─ .output/server/chunks/build/tabs-DnkhsOE5.mjs (146 kB) (26.3 kB gzip)
  ├─ .output/server/chunks/build/tabs-DnkhsOE5.mjs.map (92.6 kB) (14.9 kB gzip)
  ├─ .output/server/chunks/build/tabs-styles-10.mjs-C94UJoOI.mjs (3.49 kB) (983 B gzip)
  ├─ .output/server/chunks/build/tabs-styles-10.mjs-C94UJoOI.mjs.map (94 B) (105 B gzip)
  ├─ .output/server/chunks/build/tabs-styles-11.mjs-ClLY-vTV.mjs (13 kB) (2.3 kB gzip)
  ├─ .output/server/chunks/build/tabs-styles-11.mjs-ClLY-vTV.mjs.map (94 B) (105 B gzip)
  ├─ .output/server/chunks/build/tabs-styles-12.mjs-i5_1NYc5.mjs (5.69 kB) (1.38 kB gzip)
  ├─ .output/server/chunks/build/tabs-styles-12.mjs-i5_1NYc5.mjs.map (94 B) (104 B gzip)
  ├─ .output/server/chunks/build/tabs-styles-13.mjs-CeW_7n3w.mjs (4.26 kB) (1.16 kB gzip)
  ├─ .output/server/chunks/build/tabs-styles-13.mjs-CeW_7n3w.mjs.map (94 B) (105 B gzip)
  ├─ .output/server/chunks/build/tabs-styles-2.mjs-D3_U_UH5.mjs (1.5 kB) (656 B gzip)
  ├─ .output/server/chunks/build/tabs-styles-2.mjs-D3_U_UH5.mjs.map (95 B) (106 B gzip)
  ├─ .output/server/chunks/build/tabs-styles-4.mjs-Cozqlc1u.mjs (4.7 kB) (1.21 kB gzip)
  ├─ .output/server/chunks/build/tabs-styles-4.mjs-Cozqlc1u.mjs.map (93 B) (102 B gzip)
  ├─ .output/server/chunks/build/tabs-styles-5.mjs-CZu6P4ra.mjs (28.2 kB) (6.87 kB gzip)
  ├─ .output/server/chunks/build/tabs-styles-5.mjs-CZu6P4ra.mjs.map (93 B) (104 B gzip)
  ├─ .output/server/chunks/build/tabs-styles-6.mjs-DjilPtEx.mjs (2.28 kB) (788 B gzip)
  ├─ .output/server/chunks/build/tabs-styles-6.mjs-DjilPtEx.mjs.map (93 B) (103 B gzip)
  ├─ .output/server/chunks/build/tabs-styles-7.mjs-l7ing2sc.mjs (29.1 kB) (6.96 kB gzip)
  ├─ .output/server/chunks/build/tabs-styles-7.mjs-l7ing2sc.mjs.map (93 B) (100 B gzip)
  ├─ .output/server/chunks/build/tabs-styles-8.mjs-Cp6jZFfk.mjs (2.2 kB) (830 B gzip)
  ├─ .output/server/chunks/build/tabs-styles-8.mjs-Cp6jZFfk.mjs.map (93 B) (104 B gzip)
  ├─ .output/server/chunks/build/tabs-styles-9.mjs-EOIqiiEs.mjs (4.78 kB) (1.12 kB gzip)
  ├─ .output/server/chunks/build/tabs-styles-9.mjs-EOIqiiEs.mjs.map (93 B) (103 B gzip)
  ├─ .output/server/chunks/build/tabs-styles.sABx-HxA.mjs (12.7 kB) (2.49 kB gzip)
  ├─ .output/server/chunks/build/tabs-styles.sABx-HxA.mjs.map (555 B) (230 B gzip)
  ├─ .output/server/chunks/build/TabSearchBar-styles.BIM8P_-w.mjs (371 B) (226 B gzip)
  ├─ .output/server/chunks/build/TabSearchBar-styles.BIM8P_-w.mjs.map (202 B) (161 B gzip)
  ├─ .output/server/chunks/build/TabSettingsDrawer-styles.kv5cHmh9.mjs (399 B) (228 B gzip)
  ├─ .output/server/chunks/build/TabSettingsDrawer-styles.kv5cHmh9.mjs.map (212 B) (162 B gzip)
  ├─ .output/server/chunks/build/TabWallpaperLayer-styles.BnO4Su29.mjs (547 B) (242 B gzip)
  ├─ .output/server/chunks/build/TabWallpaperLayer-styles.BnO4Su29.mjs.map (239 B) (178 B gzip)
  ├─ .output/server/chunks/build/TagCloudCard-styles.DI0247iy.mjs (376 B) (226 B gzip)
  ├─ .output/server/chunks/build/TagCloudCard-styles.DI0247iy.mjs.map (202 B) (159 B gzip)
  ├─ .output/server/chunks/build/taxonomy-kqjpGN0t.mjs (3.31 kB) (1.36 kB gzip)
  ├─ .output/server/chunks/build/taxonomy-kqjpGN0t.mjs.map (1.57 kB) (541 B gzip)
  ├─ .output/server/chunks/build/taxonomy-styles.DHjJoPqu.mjs (1.7 kB) (641 B gzip)
  ├─ .output/server/chunks/build/taxonomy-styles.DHjJoPqu.mjs.map (194 B) (155 B gzip)
  ├─ .output/server/chunks/build/ThemeAccessory-Bs2i9go-.mjs (1.94 kB) (763 B gzip)
  ├─ .output/server/chunks/build/ThemeAccessory-Bs2i9go-.mjs.map (486 B) (221 B gzip)
  ├─ .output/server/chunks/build/ThemeAccessory-CnAqGGG1.mjs (1.44 kB) (659 B gzip)
  ├─ .output/server/chunks/build/ThemeAccessory-CnAqGGG1.mjs.map (231 B) (172 B gzip)
  ├─ .output/server/chunks/build/ThemeAccessory-QiwCQSFG.mjs (1.44 kB) (659 B gzip)
  ├─ .output/server/chunks/build/ThemeAccessory-QiwCQSFG.mjs.map (233 B) (173 B gzip)
  ├─ .output/server/chunks/build/ThemeAccessory-styles-2.Crjo-3fr.mjs (391 B) (226 B gzip)
  ├─ .output/server/chunks/build/ThemeAccessory-styles-2.Crjo-3fr.mjs.map (210 B) (159 B gzip)
  ├─ .output/server/chunks/build/ThemeAccessory-styles-3.toXXvZ6l.mjs (393 B) (224 B gzip)
  ├─ .output/server/chunks/build/ThemeAccessory-styles-3.toXXvZ6l.mjs.map (210 B) (161 B gzip)
  ├─ .output/server/chunks/build/ThemeAccessory-styles.BSL5AZ35.mjs (1.49 kB) (625 B gzip)
  ├─ .output/server/chunks/build/ThemeAccessory-styles.BSL5AZ35.mjs.map (206 B) (160 B gzip)
  ├─ .output/server/chunks/build/ThemeComponent-B-oPxoBa.mjs (7.5 kB) (2.2 kB gzip)
  ├─ .output/server/chunks/build/ThemeComponent-B-oPxoBa.mjs.map (5.34 kB) (1.53 kB gzip)
  ├─ .output/server/chunks/build/ThemeLoadError-styles.CHQmbUVD.mjs (1.06 kB) (410 B gzip)
  ├─ .output/server/chunks/build/ThemeLoadError-styles.CHQmbUVD.mjs.map (206 B) (161 B gzip)
  ├─ .output/server/chunks/build/ThemeSwitcher-styles.DZS2bwLh.mjs (1.23 kB) (489 B gzip)
  ├─ .output/server/chunks/build/ThemeSwitcher-styles.DZS2bwLh.mjs.map (204 B) (160 B gzip)
  ├─ .output/server/chunks/build/Tooltip-BNvnJ-QB.mjs (7.19 kB) (2.15 kB gzip)
  ├─ .output/server/chunks/build/Tooltip-BNvnJ-QB.mjs.map (5.88 kB) (1.53 kB gzip)
  ├─ .output/server/chunks/build/Tooltip-styles.WGgrdYqF.mjs (2.07 kB) (665 B gzip)
  ├─ .output/server/chunks/build/Tooltip-styles.WGgrdYqF.mjs.map (192 B) (155 B gzip)
  ├─ .output/server/chunks/build/topics-CysWr0FC.mjs (1.06 kB) (519 B gzip)
  ├─ .output/server/chunks/build/topics-CysWr0FC.mjs.map (845 B) (288 B gzip)
  ├─ .output/server/chunks/build/useEntranceMotion-BCXnDeFW.mjs (2.14 kB) (860 B gzip)
  ├─ .output/server/chunks/build/useEntranceMotion-BCXnDeFW.mjs.map (2.46 kB) (827 B gzip)
  ├─ .output/server/chunks/build/useFlashNotes-BtcSOjhb.mjs (32.8 kB) (8.54 kB gzip)
  ├─ .output/server/chunks/build/useFlashNotes-BtcSOjhb.mjs.map (21.6 kB) (4.37 kB gzip)
  ├─ .output/server/chunks/build/useFooterExpand-DPHeUJyr.mjs (247 B) (185 B gzip)
  ├─ .output/server/chunks/build/useFooterExpand-DPHeUJyr.mjs.map (245 B) (201 B gzip)
  ├─ .output/server/chunks/build/useFullbleedPage-DGl9XpH5.mjs (411 B) (241 B gzip)
  ├─ .output/server/chunks/build/useFullbleedPage-DGl9XpH5.mjs.map (445 B) (258 B gzip)
  ├─ .output/server/chunks/build/useLoginDrawer-BSkAzbsi.mjs (1.16 kB) (500 B gzip)
  ├─ .output/server/chunks/build/useLoginDrawer-BSkAzbsi.mjs.map (1.18 kB) (445 B gzip)
  ├─ .output/server/chunks/build/useModalFocus-C_X7mrXZ.mjs (521 B) (343 B gzip)
  ├─ .output/server/chunks/build/useModalFocus-C_X7mrXZ.mjs.map (644 B) (336 B gzip)
  ├─ .output/server/chunks/build/useMomentFilters-Dv1VWVoV.mjs (9.51 kB) (2.74 kB gzip)
  ├─ .output/server/chunks/build/useMomentFilters-Dv1VWVoV.mjs.map (7.42 kB) (1.88 kB gzip)
  ├─ .output/server/chunks/build/useMomentList-B07gp8ll.mjs (21.6 kB) (5.91 kB gzip)
  ├─ .output/server/chunks/build/useMomentList-B07gp8ll.mjs.map (11.5 kB) (1.6 kB gzip)
  ├─ .output/server/chunks/build/useMomentOverview-BJJSKR_N.mjs (1.04 kB) (531 B gzip)
  ├─ .output/server/chunks/build/useMomentOverview-BJJSKR_N.mjs.map (996 B) (416 B gzip)
  ├─ .output/server/chunks/build/useNavItems-Bm_QR1PT.mjs (1.09 kB) (468 B gzip)
  ├─ .output/server/chunks/build/useNavItems-Bm_QR1PT.mjs.map (1.27 kB) (406 B gzip)
  ├─ .output/server/chunks/build/usePostMetadata-ybrM1BH6.mjs (4.66 kB) (1.53 kB gzip)
  ├─ .output/server/chunks/build/usePostMetadata-ybrM1BH6.mjs.map (5.17 kB) (1.38 kB gzip)
  ├─ .output/server/chunks/build/useRelativeDate-Do8p1UP9.mjs (1.62 kB) (598 B gzip)
  ├─ .output/server/chunks/build/useRelativeDate-Do8p1UP9.mjs.map (1.85 kB) (582 B gzip)
  ├─ .output/server/chunks/build/useSidebarExitAnimation-BaZWYZEh.mjs (605 B) (338 B gzip)
  ├─ .output/server/chunks/build/useSidebarExitAnimation-BaZWYZEh.mjs.map (457 B) (277 B gzip)
  ├─ .output/server/chunks/build/useSiteInfo-2iky0XiQ.mjs (3.01 kB) (1.3 kB gzip)
  ├─ .output/server/chunks/build/useSiteInfo-2iky0XiQ.mjs.map (2.83 kB) (883 B gzip)
  ├─ .output/server/chunks/routes/api/__sitemap__/urls.mjs (679 B) (339 B gzip)
  ├─ .output/server/chunks/routes/api/__sitemap__/urls.mjs.map (406 B) (199 B gzip)
  ├─ .output/server/chunks/routes/api/flash.json.mjs (1.02 kB) (525 B gzip)
  ├─ .output/server/chunks/routes/api/flash.json.mjs.map (772 B) (269 B gzip)
  ├─ .output/server/chunks/routes/api/moments.json.mjs (1.6 kB) (722 B gzip)
  ├─ .output/server/chunks/routes/api/moments.json.mjs.map (1.53 kB) (387 B gzip)
  ├─ .output/server/chunks/routes/api/v1/_...path_.mjs (2.3 kB) (1.11 kB gzip)
  ├─ .output/server/chunks/routes/api/v1/_...path_.mjs.map (1.86 kB) (459 B gzip)
  ├─ .output/server/chunks/routes/flash.xml.mjs (1.45 kB) (729 B gzip)
  ├─ .output/server/chunks/routes/flash.xml.mjs.map (1.02 kB) (309 B gzip)
  ├─ .output/server/chunks/routes/moments.xml.mjs (2.67 kB) (1.24 kB gzip)
  ├─ .output/server/chunks/routes/moments.xml.mjs.map (2.27 kB) (525 B gzip)
  ├─ .output/server/chunks/routes/renderer.mjs (18 kB) (6.5 kB gzip)
  ├─ .output/server/chunks/routes/renderer.mjs.map (2.12 kB) (424 B gzip)
  ├─ .output/server/chunks/routes/rss.xml.mjs (1.48 kB) (698 B gzip)
  ├─ .output/server/chunks/routes/rss.xml.mjs.map (1.03 kB) (312 B gzip)
  ├─ .output/server/chunks/virtual/_virtual_spa-template.mjs (94 B) (100 B gzip)
  ├─ .output/server/chunks/virtual/_virtual_spa-template.mjs.map (88 B) (97 B gzip)
  ├─ .output/server/chunks/virtual/child-sources.mjs (84 B) (86 B gzip)
  ├─ .output/server/chunks/virtual/child-sources.mjs.map (80 B) (88 B gzip)
  ├─ .output/server/chunks/virtual/entry.mjs (332 kB) (82.7 kB gzip)
  ├─ .output/server/chunks/virtual/entry.mjs.map (19.1 kB) (3.63 kB gzip)
  ├─ .output/server/chunks/virtual/global-sources.mjs (2.35 kB) (464 B gzip)
  ├─ .output/server/chunks/virtual/global-sources.mjs.map (180 B) (90 B gzip)
  ├─ .output/server/chunks/virtual/precomputed.mjs (407 kB) (30.8 kB gzip)
  ├─ .output/server/chunks/virtual/precomputed.mjs.map (280 kB) (7.81 kB gzip)
  ├─ .output/server/chunks/virtual/styles.mjs (15.6 kB) (2.89 kB gzip)
  ├─ .output/server/chunks/virtual/styles.mjs.map (9.28 kB) (926 B gzip)
  ├─ .output/server/index.mjs (1.75 kB) (769 B gzip)
  └─ .output/server/package.json (3.59 kB) (1.25 kB gzip)
Σ Total size: 52.2 MB (14.8 MB gzip)
[@nuxt/image] i sharp binaries have been included in your build for win32-x64. Make sure you deploy to the same architecture.
[nitro] √ You can preview this build using node .output/server/index.mjs
|
—  ✨ Build complete!
